{
  "gameVersionToSaveVersion": {
    "1.0": 1,
    "1.0.1": 2,
    "1.0.2": 3,
    "1.0.3": 4,
    "1.0.4": 9,
    "1.0.5": 12,
    "1.0.6": 20,
    "1.0.6.1": 22,
    "1.1": 36,
    "1.1.1": 37,
    "1.1.2": 39,
    "1.2": 67,
    "1.2.0.1": 68,
    "1.2.0.2": 69,
    "1.2.0.3": 70,
    "1.2.0.3.1": 71,
    "1.2.1": 72,
    "1.2.1.1": 73,
    "1.2.1.2": 73,
    "1.2.2": 77,
    "1.2.3": 93,
    "1.2.3.1": 94,
    "1.2.4": 101,
    "1.2.4.1": 102,
    "1.3.0.1": 146,
    "1.3.0.2": 147,
    "1.3.0.3": 149,
    "1.3.0.4": 151,
    "1.3.0.5": 153,
    "1.3.0.6": 154,
    "1.3.0.7": 155,
    "1.3.0.8": 156,
    "1.3.1": 168,
    "1.3.1.1": 169,
    "1.3.2": 172,
    "1.3.2.1": 173,
    "1.3.3": 175,
    "1.3.3.1": 176,
    "1.3.3.2": 176,
    "1.3.3.3": 177,
    "1.3.4": 184,
    "1.3.4.1": 185,
    "1.3.4.2": 186,
    "1.3.4.3": 187,
    "1.3.4.4": 188,
    "1.3.5": 191,
    "1.3.5.1": 192,
    "1.3.5.2": 193,
    "1.3.5.3": 194,
    "1.4.0.1": 225,
    "1.4.0.2": 226,
    "1.4.0.3": 227,
    "1.4.0.4": 228,
    "1.4.0.5": 230,
    "1.4.1": 232,
    "1.4.1.1": 233,
    "1.4.1.2": 234,
    "1.4.2": 235,
    "1.4.2.1": 236,
    "1.4.2.2": 237,
    "1.4.2.3": 238,
    "1.4.3": 242,
    "1.4.3.1": 243,
    "1.4.3.2": 244,
    "1.4.3.3": 245,
    "1.4.3.4": 246,
    "1.4.3.5": 247,
    "1.4.3.6": 248,
    "1.4.4": 269,
    "1.4.4.1": 270,
    "1.4.4.2": 271,
    "1.4.4.3": 272,
    "1.4.4.4": 273
  },
  "saveVersions": {
    "1": {
      "saveVersion": 1,
      "gameVersion": "v1.0",
      "maxTileId": 76,
      "maxWallId": 12,
      "maxItemId": 193,
      "maxNpcId": 44,
      "maxMoonId": 1,
      "framedTileIds": [ 3, 5, 10, 11, 12, 13, 14, 15, 16, 17, 18, 20, 21, 24, 26, 27, 28, 29, 31, 33, 34, 35, 36, 42, 50, 55, 61, 71, 72, 73, 74 ]
    },
    "2": {
      "saveVersion": 2,
      "gameVersion": "v1.0.1",
      "maxTileId": 80,
      "maxWallId": 13,
      "maxItemId": 234,
      "maxNpcId": 44,
      "maxMoonId": 1,
      "framedTileIds": [ 3, 5, 10, 11, 12, 13, 14, 15, 16, 17, 18, 20, 21, 24, 26, 27, 28, 29, 31, 33, 34, 35, 36, 42, 50, 55, 61, 71, 72, 73, 74, 77, 78, 79 ]
    },
    "3": {
      "saveVersion": 3,
      "gameVersion": "v1.0.2",
      "maxTileId": 80,
      "maxWallId": 13,
      "maxItemId": 235,
      "maxNpcId": 44,
      "maxMoonId": 1,
      "framedTileIds": [ 3, 5, 10, 11, 12, 13, 14, 15, 16, 17, 18, 20, 21, 24, 26, 27, 28, 29, 31, 33, 34, 35, 36, 42, 50, 55, 61, 71, 72, 73, 74, 77, 78, 79 ]
    },
    "4": {
      "saveVersion": 4,
      "gameVersion": "v1.0.3",
      "maxTileId": 80,
      "maxWallId": 13,
      "maxItemId": 238,
      "maxNpcId": 46,
      "maxMoonId": 1,
      "framedTileIds": [ 3, 5, 10, 11, 12, 13, 14, 15, 16, 17, 18, 20, 21, 24, 26, 27, 28, 29, 31, 33, 34, 35, 36, 42, 50, 55, 61, 71, 72, 73, 74, 77, 78, 79 ]
    },
    "9": {
      "saveVersion": 9,
      "gameVersion": "v1.0.4",
      "maxTileId": 80,
      "maxWallId": 13,
      "maxItemId": 264,
      "maxNpcId": 59,
      "maxMoonId": 1,
      "framedTileIds": [ 3, 5, 10, 11, 12, 13, 14, 15, 16, 17, 18, 20, 21, 24, 26, 27, 28, 29, 31, 33, 34, 35, 36, 42, 50, 55, 61, 71, 72, 73, 74, 77, 78, 79 ]
    },
    "12": {
      "saveVersion": 12,
      "gameVersion": "v1.0.5",
      "maxTileId": 86,
      "maxWallId": 13,
      "maxItemId": 326,
      "maxNpcId": 70,
      "maxMoonId": 1,
      "framedTileIds": [ 3, 5, 10, 11, 12, 13, 14, 15, 16, 17, 18, 20, 21, 24, 26, 27, 28, 29, 31, 33, 34, 35, 36, 42, 50, 55, 61, 71, 72, 73, 74, 77, 78, 79, 81, 82, 83, 84, 85 ]
    },
    "20": {
      "saveVersion": 20,
      "gameVersion": "v1.0.6",
      "maxTileId": 106,
      "maxWallId": 20,
      "maxItemId": 362,
      "maxNpcId": 74,
      "maxMoonId": 1,
      "framedTileIds": [ 3, 5, 10, 11, 12, 13, 14, 15, 16, 17, 18, 20, 21, 24, 26, 27, 28, 29, 31, 33, 34, 35, 36, 42, 50, 55, 61, 71, 72, 73, 74, 77, 78, 79, 81, 82, 83, 84, 85, 86, 87, 88, 89, 90, 91, 92, 93, 94, 95, 96, 97, 98, 99, 100, 101, 102, 103, 104, 105 ]
    },
    "22": {
      "saveVersion": 22,
      "gameVersion": "v1.0.6.1",
      "maxTileId": 107,
      "maxWallId": 20,
      "maxItemId": 363,
      "maxNpcId": 74,
      "maxMoonId": 1,
      "framedTileIds": [ 3, 5, 10, 11, 12, 13, 14, 15, 16, 17, 18, 20, 21, 24, 26, 27, 28, 29, 31, 33, 34, 35, 36, 42, 50, 55, 61, 71, 72, 73, 74, 77, 78, 79, 81, 82, 83, 84, 85, 86, 87, 88, 89, 90, 91, 92, 93, 94, 95, 96, 97, 98, 99, 100, 101, 102, 103, 104, 105, 106 ]
    },
    "36": {
      "saveVersion": 36,
      "gameVersion": "v1.1",
      "maxTileId": 145,
      "maxWallId": 28,
      "maxItemId": 585,
      "maxNpcId": 142,
      "maxMoonId": 1,
      "framedTileIds": [ 3, 4, 5, 10, 11, 12, 13, 14, 15, 16, 17, 18, 20, 21, 24, 26, 27, 28, 29, 31, 33, 34, 35, 36, 42, 50, 55, 61, 71, 72, 73, 74, 77, 78, 79, 81, 82, 83, 84, 85, 86, 87, 88, 89, 90, 91, 92, 93, 94, 95, 96, 97, 98, 99, 100, 101, 102, 103, 104, 105, 106, 110, 113, 114, 125, 126, 128, 129, 132, 133, 134, 135, 136, 137, 138, 139, 141, 142, 143, 144 ]
    },
    "37": {
      "saveVersion": 37,
      "gameVersion": "v1.1.1",
      "maxTileId": 150,
      "maxWallId": 31,
      "maxItemId": 602,
      "maxNpcId": 147,
      "maxMoonId": 1,
      "framedTileIds": [ 3, 4, 5, 10, 11, 12, 13, 14, 15, 16, 17, 18, 20, 21, 24, 26, 27, 28, 29, 31, 33, 34, 35, 36, 42, 50, 55, 61, 71, 72, 73, 74, 77, 78, 79, 81, 82, 83, 84, 85, 86, 87, 88, 89, 90, 91, 92, 93, 94, 95, 96, 97, 98, 99, 100, 101, 102, 103, 104, 105, 106, 110, 113, 114, 125, 126, 128, 129, 132, 133, 134, 135, 136, 137, 138, 139, 141, 142, 143, 144, 149 ]
    },
    "39": {
      "saveVersion": 39,
      "gameVersion": "v1.1.2",
      "maxTileId": 150,
      "maxWallId": 31,
      "maxItemId": 603,
      "maxNpcId": 147,
      "maxMoonId": 1,
      "framedTileIds": [ 3, 4, 5, 10, 11, 12, 13, 14, 15, 16, 17, 18, 20, 21, 24, 26, 27, 28, 29, 31, 33, 34, 35, 36, 42, 50, 55, 61, 71, 72, 73, 74, 77, 78, 79, 81, 82, 83, 84, 85, 86, 87, 88, 89, 90, 91, 92, 93, 94, 95, 96, 97, 98, 99, 100, 101, 102, 103, 104, 105, 106, 110, 113, 114, 125, 126, 128, 129, 132, 133, 134, 135, 136, 137, 138, 139, 141, 142, 143, 144, 149 ]
    },
    "67": {
      "saveVersion": 67,
      "gameVersion": "v1.2",
      "maxTileId": 251,
      "maxWallId": 111,
      "maxItemId": 1613,
      "maxNpcId": 297,
      "maxMoonId": 3,
      "framedTileIds": [ 3, 4, 5, 10, 11, 12, 13, 14, 15, 16, 17, 18, 19, 20, 21, 24, 26, 27, 28, 29, 31, 33, 34, 35, 36, 42, 50, 55, 61, 71, 72, 73, 74, 77, 78, 79, 81, 82, 83, 84, 85, 86, 87, 88, 89, 90, 91, 92, 93, 94, 95, 96, 97, 98, 99, 100, 101, 102, 103, 104, 105, 106, 110, 113, 114, 125, 126, 128, 129, 132, 133, 134, 135, 136, 137, 138, 139, 141, 142, 143, 144, 149, 165, 170, 171, 172, 173, 174, 178, 184, 185, 186, 187, 201, 207, 209, 210, 212, 215, 216, 217, 218, 219, 220, 227, 228, 231, 233, 235, 236, 237, 238, 239, 240, 241, 242, 243, 244, 245, 246, 247 ]
    },
    "68": {
      "saveVersion": 68,
      "gameVersion": "v1.2.0.1",
      "maxTileId": 251,
      "maxWallId": 111,
      "maxItemId": 1613,
      "maxNpcId": 297,
      "maxMoonId": 3,
      "framedTileIds": [ 3, 4, 5, 10, 11, 12, 13, 14, 15, 16, 17, 18, 19, 20, 21, 24, 26, 27, 28, 29, 31, 33, 34, 35, 36, 42, 50, 55, 61, 71, 72, 73, 74, 77, 78, 79, 81, 82, 83, 84, 85, 86, 87, 88, 89, 90, 91, 92, 93, 94, 95, 96, 97, 98, 99, 100, 101, 102, 103, 104, 105, 106, 110, 113, 114, 125, 126, 128, 129, 132, 133, 134, 135, 136, 137, 138, 139, 141, 142, 143, 144, 149, 165, 170, 171, 172, 173, 174, 178, 184, 185, 186, 187, 201, 207, 209, 210, 212, 215, 216, 217, 218, 219, 220, 227, 228, 231, 233, 235, 236, 237, 238, 239, 240, 241, 242, 243, 244, 245, 246, 247 ]
    },
    "69": {
      "saveVersion": 69,
      "gameVersion": "v1.2.0.2",
      "maxTileId": 251,
      "maxWallId": 111,
      "maxItemId": 1614,
      "maxNpcId": 297,
      "maxMoonId": 3,
      "framedTileIds": [ 3, 4, 5, 10, 11, 12, 13, 14, 15, 16, 17, 18, 19, 20, 21, 24, 26, 27, 28, 29, 31, 33, 34, 35, 36, 42, 50, 55, 61, 71, 72, 73, 74, 77, 78, 79, 81, 82, 83, 84, 85, 86, 87, 88, 89, 90, 91, 92, 93, 94, 95, 96, 97, 98, 99, 100, 101, 102, 103, 104, 105, 106, 110, 113, 114, 125, 126, 128, 129, 132, 133, 134, 135, 136, 137, 138, 139, 141, 142, 143, 144, 149, 165, 170, 171, 172, 173, 174, 178, 184, 185, 186, 187, 201, 207, 209, 210, 212, 215, 216, 217, 218, 219, 220, 227, 228, 231, 233, 235, 236, 237, 238, 239, 240, 241, 242, 243, 244, 245, 246, 247 ]
    },
    "70": {
      "saveVersion": 70,
      "gameVersion": "v1.2.0.3",
      "maxTileId": 251,
      "maxWallId": 112,
      "maxItemId": 1724,
      "maxNpcId": 301,
      "maxMoonId": 3,
      "framedTileIds": [ 3, 4, 5, 10, 11, 12, 13, 14, 15, 16, 17, 18, 19, 20, 21, 24, 26, 27, 28, 29, 31, 33, 34, 35, 36, 42, 50, 55, 61, 71, 72, 73, 74, 77, 78, 79, 81, 82, 83, 84, 85, 86, 87, 88, 89, 90, 91, 92, 93, 94, 95, 96, 97, 98, 99, 100, 101, 102, 103, 104, 105, 106, 110, 113, 114, 125, 126, 128, 129, 132, 133, 134, 135, 136, 137, 138, 139, 141, 142, 143, 144, 149, 165, 170, 171, 172, 173, 174, 178, 184, 185, 186, 187, 201, 207, 209, 210, 212, 215, 216, 217, 218, 219, 220, 227, 228, 231, 233, 235, 236, 237, 238, 239, 240, 241, 242, 243, 244, 245, 246, 247 ]
    },
    "71": {
      "saveVersion": 71,
      "gameVersion": "v1.2.0.3.1",
      "maxTileId": 251,
      "maxWallId": 112,
      "maxItemId": 1724,
      "maxNpcId": 301,
      "maxMoonId": 3,
      "framedTileIds": [ 3, 4, 5, 10, 11, 12, 13, 14, 15, 16, 17, 18, 19, 20, 21, 24, 26, 27, 28, 29, 31, 33, 34, 35, 36, 42, 50, 55, 61, 71, 72, 73, 74, 77, 78, 79, 81, 82, 83, 84, 85, 86, 87, 88, 89, 90, 91, 92, 93, 94, 95, 96, 97, 98, 99, 100, 101, 102, 103, 104, 105, 106, 110, 113, 114, 125, 126, 128, 129, 132, 133, 134, 135, 136, 137, 138, 139, 141, 142, 143, 144, 149, 165, 170, 171, 172, 173, 174, 178, 184, 185, 186, 187, 201, 207, 209, 210, 212, 215, 216, 217, 218, 219, 220, 227, 228, 231, 233, 235, 236, 237, 238, 239, 240, 241, 242, 243, 244, 245, 246, 247 ]
    },
    "72": {
      "saveVersion": 72,
      "gameVersion": "v1.2.1",
      "maxTileId": 255,
      "maxWallId": 115,
      "maxItemId": 1857,
      "maxNpcId": 331,
      "maxMoonId": 3,
      "framedTileIds": [ 3, 4, 5, 10, 11, 12, 13, 14, 15, 16, 17, 18, 19, 20, 21, 24, 26, 27, 28, 29, 31, 33, 34, 35, 42, 50, 55, 61, 71, 72, 73, 74, 77, 78, 79, 81, 82, 83, 84, 85, 86, 87, 88, 89, 90, 91, 92, 93, 94, 95, 96, 97, 98, 99, 100, 101, 102, 103, 104, 105, 106, 110, 113, 114, 125, 126, 128, 129, 132, 133, 134, 135, 136, 137, 138, 139, 141, 142, 143, 144, 149, 165, 173, 174, 178, 184, 185, 186, 187, 201, 207, 209, 210, 212, 215, 216, 217, 218, 219, 220, 227, 228, 231, 233, 235, 236, 237, 238, 239, 240, 241, 242, 243, 244, 245, 246, 247, 254 ]
    },
    "73": {
      "saveVersion": 73,
      "gameVersion": "v1.2.1.1",
      "maxTileId": 255,
      "maxWallId": 115,
      "maxItemId": 1866,
      "maxNpcId": 331,
      "maxMoonId": 3,
      "framedTileIds": [ 3, 4, 5, 10, 11, 12, 13, 14, 15, 16, 17, 18, 19, 20, 21, 24, 26, 27, 28, 29, 31, 33, 34, 35, 42, 50, 55, 61, 71, 72, 73, 74, 77, 78, 79, 81, 82, 83, 84, 85, 86, 87, 88, 89, 90, 91, 92, 93, 94, 95, 96, 97, 98, 99, 100, 101, 102, 103, 104, 105, 106, 110, 113, 114, 125, 126, 128, 129, 132, 133, 134, 135, 136, 137, 138, 139, 141, 142, 143, 144, 149, 165, 173, 174, 178, 184, 185, 186, 187, 201, 207, 209, 210, 212, 215, 216, 217, 218, 219, 220, 227, 228, 231, 233, 235, 236, 237, 238, 239, 240, 241, 242, 243, 244, 245, 246, 247, 254 ]
    },
    "73": {
      "saveVersion": 73,
      "gameVersion": "v1.2.1.2",
      "maxTileId": 255,
      "maxWallId": 115,
      "maxItemId": 1866,
      "maxNpcId": 331,
      "maxMoonId": 3,
      "framedTileIds": [ 3, 4, 5, 10, 11, 12, 13, 14, 15, 16, 17, 18, 19, 20, 21, 24, 26, 27, 28, 29, 31, 33, 34, 35, 42, 50, 55, 61, 71, 72, 73, 74, 77, 78, 79, 81, 82, 83, 84, 85, 86, 87, 88, 89, 90, 91, 92, 93, 94, 95, 96, 97, 98, 99, 100, 101, 102, 103, 104, 105, 106, 110, 113, 114, 125, 126, 128, 129, 132, 133, 134, 135, 136, 137, 138, 139, 141, 142, 143, 144, 149, 165, 173, 174, 178, 184, 185, 186, 187, 201, 207, 209, 210, 212, 215, 216, 217, 218, 219, 220, 227, 228, 231, 233, 235, 236, 237, 238, 239, 240, 241, 242, 243, 244, 245, 246, 247, 254 ]
    },
    "77": {
      "saveVersion": 77,
      "gameVersion": "v1.2.2",
      "maxTileId": 255,
      "maxWallId": 125,
      "maxItemId": 1965,
      "maxNpcId": 353,
      "maxMoonId": 3,
      "framedTileIds": [ 3, 4, 5, 10, 11, 12, 13, 14, 15, 16, 17, 18, 19, 20, 21, 24, 26, 27, 28, 29, 31, 33, 34, 35, 36, 42, 50, 55, 61, 71, 72, 73, 74, 77, 78, 79, 81, 82, 83, 84, 85, 86, 87, 88, 89, 90, 91, 92, 93, 94, 95, 96, 97, 98, 99, 100, 101, 102, 103, 104, 105, 106, 110, 113, 114, 125, 126, 128, 129, 132, 133, 134, 135, 136, 137, 138, 139, 141, 142, 143, 144, 149, 165, 171, 173, 174, 178, 184, 185, 186, 187, 201, 207, 209, 210, 212, 215, 216, 217, 218, 219, 220, 227, 228, 231, 233, 235, 236, 237, 238, 239, 240, 241, 242, 243, 244, 245, 246, 247, 254 ]
    },
    "93": {
      "saveVersion": 93,
      "gameVersion": "v1.2.3",
      "maxTileId": 314,
      "maxWallId": 144,
      "maxItemId": 2288,
      "maxNpcId": 369,
      "maxMoonId": 3,
      "framedTileIds": [ 3, 4, 5, 10, 11, 12, 13, 14, 15, 16, 17, 18, 19, 20, 21, 24, 26, 27, 28, 29, 31, 33, 34, 35, 36, 42, 50, 55, 61, 71, 72, 73, 74, 77, 78, 79, 81, 82, 83, 84, 85, 86, 87, 88, 89, 90, 91, 92, 93, 94, 95, 96, 97, 98, 99, 100, 101, 102, 103, 104, 105, 106, 110, 113, 114, 125, 126, 128, 129, 132, 133, 134, 135, 136, 137, 138, 139, 141, 142, 143, 144, 149, 165, 171, 173, 174, 178, 184, 185, 186, 187, 201, 207, 209, 210, 212, 215, 216, 217, 218, 219, 220, 227, 228, 231, 233, 235, 236, 237, 238, 239, 240, 241, 242, 243, 244, 245, 246, 247, 254, 269, 270, 271, 275, 276, 277, 278, 279, 280, 281, 282, 283, 285, 286, 287, 288, 289, 290, 291, 292, 293, 294, 295, 296, 297, 298, 299, 300, 301, 302, 303, 304, 305, 306, 307, 308, 309, 310 ]
    },
    "94": {
      "saveVersion": 94,
      "gameVersion": "v1.2.3.1",
      "maxTileId": 314,
      "maxWallId": 144,
      "maxItemId": 2288,
      "maxNpcId": 369,
      "maxMoonId": 3,
      "framedTileIds": [ 3, 4, 5, 10, 11, 12, 13, 14, 15, 16, 17, 18, 19, 20, 21, 24, 26, 27, 28, 29, 31, 33, 34, 35, 36, 42, 50, 55, 61, 71, 72, 73, 74, 77, 78, 79, 81, 82, 83, 84, 85, 86, 87, 88, 89, 90, 91, 92, 93, 94, 95, 96, 97, 98, 99, 100, 101, 102, 103, 104, 105, 106, 110, 113, 114, 125, 126, 128, 129, 132, 133, 134, 135, 136, 137, 138, 139, 141, 142, 143, 144, 149, 165, 171, 173, 174, 178, 184, 185, 186, 187, 201, 207, 209, 210, 212, 215, 216, 217, 218, 219, 220, 227, 228, 231, 233, 235, 236, 237, 238, 239, 240, 241, 242, 243, 244, 245, 246, 247, 254, 269, 270, 271, 275, 276, 277, 278, 279, 280, 281, 282, 283, 285, 286, 287, 288, 289, 290, 291, 292, 293, 294, 295, 296, 297, 298, 299, 300, 301, 302, 303, 304, 305, 306, 307, 308, 309, 310 ]
    },
    "101": {
      "saveVersion": 101,
      "gameVersion": "v1.2.4",
      "maxTileId": 340,
      "maxWallId": 171,
      "maxItemId": 2742,
      "maxNpcId": 378,
      "maxMoonId": 3,
      "framedTileIds": [ 3, 4, 5, 10, 11, 12, 13, 14, 15, 16, 17, 18, 19, 20, 21, 24, 26, 27, 28, 29, 31, 33, 34, 35, 36, 42, 50, 55, 61, 71, 72, 73, 74, 77, 78, 79, 81, 82, 83, 84, 85, 86, 87, 88, 89, 90, 91, 92, 93, 94, 95, 96, 97, 98, 99, 100, 101, 102, 103, 104, 105, 106, 110, 113, 114, 125, 126, 128, 129, 132, 133, 134, 135, 136, 137, 138, 139, 141, 142, 143, 144, 149, 165, 171, 173, 174, 178, 184, 185, 186, 187, 201, 207, 209, 210, 212, 215, 216, 217, 218, 219, 220, 227, 228, 231, 233, 235, 236, 237, 238, 239, 240, 241, 242, 243, 244, 245, 246, 247, 254, 269, 270, 271, 275, 276, 277, 278, 279, 280, 281, 282, 283, 285, 286, 287, 288, 289, 290, 291, 292, 293, 294, 295, 296, 297, 298, 299, 300, 301, 302, 303, 304, 305, 306, 307, 308, 309, 310, 314, 316, 317, 318, 319, 320, 323, 324, 334, 335, 337, 338, 339 ]
    },
    "102": {
      "saveVersion": 102,
      "gameVersion": "v1.2.4.1",
      "maxTileId": 340,
      "maxWallId": 171,
      "maxItemId": 2748,
      "maxNpcId": 378,
      "maxMoonId": 3,
      "framedTileIds": [ 3, 4, 5, 10, 11, 12, 13, 14, 15, 16, 17, 18, 19, 20, 21, 24, 26, 27, 28, 29, 31, 33, 34, 35, 36, 42, 50, 55, 61, 71, 72, 73, 74, 77, 78, 79, 81, 82, 83, 84, 85, 86, 87, 88, 89, 90, 91, 92, 93, 94, 95, 96, 97, 98, 99, 100, 101, 102, 103, 104, 105, 106, 110, 113, 114, 125, 126, 128, 129, 132, 133, 134, 135, 136, 137, 138, 139, 141, 142, 143, 144, 149, 165, 171, 173, 174, 178, 184, 185, 186, 187, 201, 207, 209, 210, 212, 215, 216, 217, 218, 219, 220, 227, 228, 231, 233, 235, 236, 237, 238, 239, 240, 241, 242, 243, 244, 245, 246, 247, 254, 269, 270, 271, 275, 276, 277, 278, 279, 280, 281, 282, 283, 285, 286, 287, 288, 289, 290, 291, 292, 293, 294, 295, 296, 297, 298, 299, 300, 301, 302, 303, 304, 305, 306, 307, 308, 309, 310, 314, 316, 317, 318, 319, 320, 323, 324, 334, 335, 337, 338, 339 ]
    },
    "146": {
      "saveVersion": 146,
      "gameVersion": "v1.3.0.1",
      "maxTileId": 419,
      "maxWallId": 224,
      "maxItemId": 3600,
      "maxNpcId": 540,
      "maxMoonId": 3,
      "framedTileIds": [ 3, 4, 5, 10, 11, 12, 13, 14, 15, 16, 17, 18, 19, 20, 21, 24, 26, 27, 28, 29, 31, 33, 34, 35, 36, 42, 50, 55, 61, 71, 72, 73, 74, 77, 78, 79, 81, 82, 83, 84, 85, 86, 87, 88, 89, 90, 91, 92, 93, 94, 95, 96, 97, 98, 99, 100, 101, 102, 103, 104, 105, 106, 110, 113, 114, 125, 126, 128, 129, 132, 133, 134, 135, 136, 137, 138, 139, 141, 142, 143, 144, 149, 165, 171, 172, 173, 174, 178, 184, 185, 186, 187, 201, 207, 209, 210, 212, 215, 216, 217, 218, 219, 220, 227, 228, 231, 233, 235, 236, 237, 238, 239, 240, 241, 242, 243, 244, 245, 246, 247, 254, 269, 270, 271, 275, 276, 277, 278, 279, 280, 281, 282, 283, 285, 286, 287, 288, 289, 290, 291, 292, 293, 294, 295, 296, 297, 298, 299, 300, 301, 302, 303, 304, 305, 306, 307, 308, 309, 310, 314, 316, 317, 318, 319, 320, 323, 324, 334, 335, 337, 338, 339, 349, 354, 355, 356, 358, 359, 360, 361, 362, 363, 364, 372, 373, 374, 375, 376, 377, 378, 380, 386, 387, 388, 389, 390, 391, 392, 393, 394, 395, 405, 406, 410, 411, 412, 413, 414 ]
    },
    "147": {
      "saveVersion": 147,
      "gameVersion": "v1.3.0.2",
      "maxTileId": 419,
      "maxWallId": 224,
      "maxItemId": 3600,
      "maxNpcId": 540,
      "maxMoonId": 3,
      "framedTileIds": [ 3, 4, 5, 10, 11, 12, 13, 14, 15, 16, 17, 18, 19, 20, 21, 24, 26, 27, 28, 29, 31, 33, 34, 35, 36, 42, 50, 55, 61, 71, 72, 73, 74, 77, 78, 79, 81, 82, 83, 84, 85, 86, 87, 88, 89, 90, 91, 92, 93, 94, 95, 96, 97, 98, 99, 100, 101, 102, 103, 104, 105, 106, 110, 113, 114, 125, 126, 128, 129, 132, 133, 134, 135, 136, 137, 138, 139, 141, 142, 143, 144, 149, 165, 171, 172, 173, 174, 178, 184, 185, 186, 187, 201, 207, 209, 210, 212, 215, 216, 217, 218, 219, 220, 227, 228, 231, 233, 235, 236, 237, 238, 239, 240, 241, 242, 243, 244, 245, 246, 247, 254, 269, 270, 271, 275, 276, 277, 278, 279, 280, 281, 282, 283, 285, 286, 287, 288, 289, 290, 291, 292, 293, 294, 295, 296, 297, 298, 299, 300, 301, 302, 303, 304, 305, 306, 307, 308, 309, 310, 314, 316, 317, 318, 319, 320, 323, 324, 334, 335, 337, 338, 339, 349, 354, 355, 356, 358, 359, 360, 361, 362, 363, 364, 372, 373, 374, 375, 376, 377, 378, 380, 386, 387, 388, 389, 390, 391, 392, 393, 394, 395, 405, 406, 410, 411, 412, 413, 414 ]
    },
    "149": {
      "saveVersion": 149,
      "gameVersion": "v1.3.0.3",
      "maxTileId": 419,
      "maxWallId": 224,
      "maxItemId": 3600,
      "maxNpcId": 540,
      "maxMoonId": 3,
      "framedTileIds": [ 3, 4, 5, 10, 11, 12, 13, 14, 15, 16, 17, 18, 19, 20, 21, 24, 26, 27, 28, 29, 31, 33, 34, 35, 36, 42, 50, 55, 61, 71, 72, 73, 74, 77, 78, 79, 81, 82, 83, 84, 85, 86, 87, 88, 89, 90, 91, 92, 93, 94, 95, 96, 97, 98, 99, 100, 101, 102, 103, 104, 105, 106, 110, 113, 114, 125, 126, 128, 129, 132, 133, 134, 135, 136, 137, 138, 139, 141, 142, 143, 144, 149, 165, 171, 172, 173, 174, 178, 184, 185, 186, 187, 201, 207, 209, 210, 212, 215, 216, 217, 218, 219, 220, 227, 228, 231, 233, 235, 236, 237, 238, 239, 240, 241, 242, 243, 244, 245, 246, 247, 254, 269, 270, 271, 275, 276, 277, 278, 279, 280, 281, 282, 283, 285, 286, 287, 288, 289, 290, 291, 292, 293, 294, 295, 296, 297, 298, 299, 300, 301, 302, 303, 304, 305, 306, 307, 308, 309, 310, 314, 316, 317, 318, 319, 320, 323, 324, 334, 335, 337, 338, 339, 349, 354, 355, 356, 358, 359, 360, 361, 362, 363, 364, 372, 373, 374, 375, 376, 377, 378, 380, 386, 387, 388, 389, 390, 391, 392, 393, 394, 395, 405, 406, 410, 411, 412, 413, 414 ]
    },
    "151": {
      "saveVersion": 151,
      "gameVersion": "v1.3.0.4",
      "maxTileId": 419,
      "maxWallId": 224,
      "maxItemId": 3600,
      "maxNpcId": 540,
      "maxMoonId": 3,
      "framedTileIds": [ 3, 4, 5, 10, 11, 12, 13, 14, 15, 16, 17, 18, 19, 20, 21, 24, 26, 27, 28, 29, 31, 33, 34, 35, 36, 42, 50, 55, 61, 71, 72, 73, 74, 77, 78, 79, 81, 82, 83, 84, 85, 86, 87, 88, 89, 90, 91, 92, 93, 94, 95, 96, 97, 98, 99, 100, 101, 102, 103, 104, 105, 106, 110, 113, 114, 125, 126, 128, 129, 132, 133, 134, 135, 136, 137, 138, 139, 141, 142, 143, 144, 149, 165, 171, 172, 173, 174, 178, 184, 185, 186, 187, 201, 207, 209, 210, 212, 215, 216, 217, 218, 219, 220, 227, 228, 231, 233, 235, 236, 237, 238, 239, 240, 241, 242, 243, 244, 245, 246, 247, 254, 269, 270, 271, 275, 276, 277, 278, 279, 280, 281, 282, 283, 285, 286, 287, 288, 289, 290, 291, 292, 293, 294, 295, 296, 297, 298, 299, 300, 301, 302, 303, 304, 305, 306, 307, 308, 309, 310, 314, 316, 317, 318, 319, 320, 323, 324, 334, 335, 337, 338, 339, 349, 354, 355, 356, 358, 359, 360, 361, 362, 363, 364, 372, 373, 374, 375, 376, 377, 378, 380, 386, 387, 388, 389, 390, 391, 392, 393, 394, 395, 405, 406, 410, 411, 412, 413, 414 ]
    },
    "153": {
      "saveVersion": 153,
      "gameVersion": "v1.3.0.5",
      "maxTileId": 419,
      "maxWallId": 224,
      "maxItemId": 3601,
      "maxNpcId": 540,
      "maxMoonId": 3,
      "framedTileIds": [ 3, 4, 5, 10, 11, 12, 13, 14, 15, 16, 17, 18, 19, 20, 21, 24, 26, 27, 28, 29, 31, 33, 34, 35, 36, 42, 50, 55, 61, 71, 72, 73, 74, 77, 78, 79, 81, 82, 83, 84, 85, 86, 87, 88, 89, 90, 91, 92, 93, 94, 95, 96, 97, 98, 99, 100, 101, 102, 103, 104, 105, 106, 110, 113, 114, 125, 126, 128, 129, 132, 133, 134, 135, 136, 137, 138, 139, 141, 142, 143, 144, 149, 165, 171, 172, 173, 174, 178, 184, 185, 186, 187, 201, 207, 209, 210, 212, 215, 216, 217, 218, 219, 220, 227, 228, 231, 233, 235, 236, 237, 238, 239, 240, 241, 242, 243, 244, 245, 246, 247, 254, 269, 270, 271, 275, 276, 277, 278, 279, 280, 281, 282, 283, 285, 286, 287, 288, 289, 290, 291, 292, 293, 294, 295, 296, 297, 298, 299, 300, 301, 302, 303, 304, 305, 306, 307, 308, 309, 310, 314, 316, 317, 318, 319, 320, 323, 324, 334, 335, 337, 338, 339, 349, 354, 355, 356, 358, 359, 360, 361, 362, 363, 364, 372, 373, 374, 375, 376, 377, 378, 380, 386, 387, 388, 389, 390, 391, 392, 393, 394, 395, 405, 406, 410, 411, 412, 413, 414 ]
    },
    "154": {
      "saveVersion": 154,
      "gameVersion": "v1.3.0.6",
      "maxTileId": 419,
      "maxWallId": 224,
      "maxItemId": 3601,
      "maxNpcId": 540,
      "maxMoonId": 3,
      "framedTileIds": [ 3, 4, 5, 10, 11, 12, 13, 14, 15, 16, 17, 18, 19, 20, 21, 24, 26, 27, 28, 29, 31, 33, 34, 35, 36, 42, 50, 55, 61, 71, 72, 73, 74, 77, 78, 79, 81, 82, 83, 84, 85, 86, 87, 88, 89, 90, 91, 92, 93, 94, 95, 96, 97, 98, 99, 100, 101, 102, 103, 104, 105, 106, 110, 113, 114, 125, 126, 128, 129, 132, 133, 134, 135, 136, 137, 138, 139, 141, 142, 143, 144, 149, 165, 171, 172, 173, 174, 178, 184, 185, 186, 187, 201, 207, 209, 210, 212, 215, 216, 217, 218, 219, 220, 227, 228, 231, 233, 235, 236, 237, 238, 239, 240, 241, 242, 243, 244, 245, 246, 247, 254, 269, 270, 271, 275, 276, 277, 278, 279, 280, 281, 282, 283, 285, 286, 287, 288, 289, 290, 291, 292, 293, 294, 295, 296, 297, 298, 299, 300, 301, 302, 303, 304, 305, 306, 307, 308, 309, 310, 314, 316, 317, 318, 319, 320, 323, 324, 334, 335, 337, 338, 339, 349, 354, 355, 356, 358, 359, 360, 361, 362, 363, 364, 372, 373, 374, 375, 376, 377, 378, 380, 386, 387, 388, 389, 390, 391, 392, 393, 394, 395, 405, 406, 410, 411, 412, 413, 414 ]
    },
    "155": {
      "saveVersion": 155,
      "gameVersion": "v1.3.0.7",
      "maxTileId": 419,
      "maxWallId": 224,
      "maxItemId": 3601,
      "maxNpcId": 540,
      "maxMoonId": 3,
      "framedTileIds": [ 3, 4, 5, 10, 11, 12, 13, 14, 15, 16, 17, 18, 19, 20, 21, 24, 26, 27, 28, 29, 31, 33, 34, 35, 36, 42, 50, 55, 61, 71, 72, 73, 74, 77, 78, 79, 81, 82, 83, 84, 85, 86, 87, 88, 89, 90, 91, 92, 93, 94, 95, 96, 97, 98, 99, 100, 101, 102, 103, 104, 105, 106, 110, 113, 114, 125, 126, 128, 129, 132, 133, 134, 135, 136, 137, 138, 139, 141, 142, 143, 144, 149, 165, 171, 172, 173, 174, 178, 184, 185, 186, 187, 201, 207, 209, 210, 212, 215, 216, 217, 218, 219, 220, 227, 228, 231, 233, 235, 236, 237, 238, 239, 240, 241, 242, 243, 244, 245, 246, 247, 254, 269, 270, 271, 275, 276, 277, 278, 279, 280, 281, 282, 283, 285, 286, 287, 288, 289, 290, 291, 292, 293, 294, 295, 296, 297, 298, 299, 300, 301, 302, 303, 304, 305, 306, 307, 308, 309, 310, 314, 316, 317, 318, 319, 320, 323, 324, 334, 335, 337, 338, 339, 349, 354, 355, 356, 358, 359, 360, 361, 362, 363, 364, 372, 373, 374, 375, 376, 377, 378, 380, 386, 387, 388, 389, 390, 391, 392, 393, 394, 395, 405, 406, 410, 411, 412, 413, 414 ]
    },
    "156": {
      "saveVersion": 156,
      "gameVersion": "v1.3.0.8",
      "maxTileId": 419,
      "maxWallId": 224,
      "maxItemId": 3601,
      "maxNpcId": 540,
      "maxMoonId": 3,
      "framedTileIds": [ 3, 4, 5, 10, 11, 12, 13, 14, 15, 16, 17, 18, 19, 20, 21, 24, 26, 27, 28, 29, 31, 33, 34, 35, 36, 42, 50, 55, 61, 71, 72, 73, 74, 77, 78, 79, 81, 82, 83, 84, 85, 86, 87, 88, 89, 90, 91, 92, 93, 94, 95, 96, 97, 98, 99, 100, 101, 102, 103, 104, 105, 106, 110, 113, 114, 125, 126, 128, 129, 132, 133, 134, 135, 136, 137, 138, 139, 141, 142, 143, 144, 149, 165, 171, 172, 173, 174, 178, 184, 185, 186, 187, 201, 207, 209, 210, 212, 215, 216, 217, 218, 219, 220, 227, 228, 231, 233, 235, 236, 237, 238, 239, 240, 241, 242, 243, 244, 245, 246, 247, 254, 269, 270, 271, 275, 276, 277, 278, 279, 280, 281, 282, 283, 285, 286, 287, 288, 289, 290, 291, 292, 293, 294, 295, 296, 297, 298, 299, 300, 301, 302, 303, 304, 305, 306, 307, 308, 309, 310, 314, 316, 317, 318, 319, 320, 323, 324, 334, 335, 337, 338, 339, 349, 354, 355, 356, 358, 359, 360, 361, 362, 363, 364, 372, 373, 374, 375, 376, 377, 378, 380, 386, 387, 388, 389, 390, 391, 392, 393, 394, 395, 405, 406, 410, 411, 412, 413, 414 ]
    },
    "168": {
      "saveVersion": 168,
      "gameVersion": "v1.3.1",
      "maxTileId": 446,
      "maxWallId": 224,
      "maxItemId": 3729,
      "maxNpcId": 540,
      "maxMoonId": 3,
      "framedTileIds": [ 3, 4, 5, 10, 11, 12, 13, 14, 15, 16, 17, 18, 19, 20, 21, 24, 26, 27, 28, 29, 31, 33, 34, 35, 36, 42, 50, 55, 61, 71, 72, 73, 74, 77, 78, 79, 81, 82, 83, 84, 85, 86, 87, 88, 89, 90, 91, 92, 93, 94, 95, 96, 97, 98, 99, 100, 101, 102, 103, 104, 105, 106, 110, 113, 114, 125, 126, 128, 129, 132, 133, 134, 135, 136, 137, 138, 139, 141, 142, 143, 144, 149, 165, 171, 172, 173, 174, 178, 184, 185, 186, 187, 201, 207, 209, 210, 212, 215, 216, 217, 218, 219, 220, 227, 228, 231, 233, 235, 236, 237, 238, 239, 240, 241, 242, 243, 244, 245, 246, 247, 254, 269, 270, 271, 275, 276, 277, 278, 279, 280, 281, 282, 283, 285, 286, 287, 288, 289, 290, 291, 292, 293, 294, 295, 296, 297, 298, 299, 300, 301, 302, 303, 304, 305, 306, 307, 308, 309, 310, 314, 316, 317, 318, 319, 320, 323, 324, 334, 335, 337, 338, 339, 349, 354, 355, 356, 358, 359, 360, 361, 362, 363, 364, 372, 373, 374, 375, 376, 377, 378, 380, 386, 387, 388, 389, 390, 391, 392, 393, 394, 395, 405, 406, 410, 411, 412, 413, 414, 419, 420, 423, 424, 425, 427, 428, 429, 435, 436, 437, 438, 439, 440, 441, 442, 443, 444, 445 ]
    },
    "169": {
      "saveVersion": 169,
      "gameVersion": "v1.3.1.1",
      "maxTileId": 446,
      "maxWallId": 224,
      "maxItemId": 3729,
      "maxNpcId": 540,
      "maxMoonId": 3,
      "framedTileIds": [ 3, 4, 5, 10, 11, 12, 13, 14, 15, 16, 17, 18, 19, 20, 21, 24, 26, 27, 28, 29, 31, 33, 34, 35, 36, 42, 50, 55, 61, 71, 72, 73, 74, 77, 78, 79, 81, 82, 83, 84, 85, 86, 87, 88, 89, 90, 91, 92, 93, 94, 95, 96, 97, 98, 99, 100, 101, 102, 103, 104, 105, 106, 110, 113, 114, 125, 126, 128, 129, 132, 133, 134, 135, 136, 137, 138, 139, 141, 142, 143, 144, 149, 165, 171, 172, 173, 174, 178, 184, 185, 186, 187, 201, 207, 209, 210, 212, 215, 216, 217, 218, 219, 220, 227, 228, 231, 233, 235, 236, 237, 238, 239, 240, 241, 242, 243, 244, 245, 246, 247, 254, 269, 270, 271, 275, 276, 277, 278, 279, 280, 281, 282, 283, 285, 286, 287, 288, 289, 290, 291, 292, 293, 294, 295, 296, 297, 298, 299, 300, 301, 302, 303, 304, 305, 306, 307, 308, 309, 310, 314, 316, 317, 318, 319, 320, 323, 324, 334, 335, 337, 338, 339, 349, 354, 355, 356, 358, 359, 360, 361, 362, 363, 364, 372, 373, 374, 375, 376, 377, 378, 380, 386, 387, 388, 389, 390, 391, 392, 393, 394, 395, 405, 406, 410, 411, 412, 413, 414, 419, 420, 423, 424, 425, 427, 428, 429, 435, 436, 437, 438, 439, 440, 441, 442, 443, 444, 445 ]
    },
    "172": {
      "saveVersion": 172,
      "gameVersion": "v1.3.2",
      "maxTileId": 461,
      "maxWallId": 230,
      "maxItemId": 3769,
      "maxNpcId": 541,
      "maxMoonId": 3,
      "framedTileIds": [ 3, 4, 5, 10, 11, 12, 13, 14, 15, 16, 17, 18, 19, 20, 21, 24, 26, 27, 28, 29, 31, 33, 34, 35, 36, 42, 50, 55, 61, 71, 72, 73, 74, 77, 78, 79, 81, 82, 83, 84, 85, 86, 87, 88, 89, 90, 91, 92, 93, 94, 95, 96, 97, 98, 99, 100, 101, 102, 103, 104, 105, 106, 110, 113, 114, 125, 126, 128, 129, 132, 133, 134, 135, 136, 137, 138, 139, 141, 142, 143, 144, 149, 165, 171, 172, 173, 174, 178, 184, 185, 186, 187, 201, 207, 209, 210, 212, 215, 216, 217, 218, 219, 220, 227, 228, 231, 233, 235, 236, 237, 238, 239, 240, 241, 242, 243, 244, 245, 246, 247, 254, 269, 270, 271, 275, 276, 277, 278, 279, 280, 281, 282, 283, 285, 286, 287, 288, 289, 290, 291, 292, 293, 294, 295, 296, 297, 298, 299, 300, 301, 302, 303, 304, 305, 306, 307, 308, 309, 310, 314, 316, 317, 318, 319, 320, 323, 324, 334, 335, 337, 338, 339, 349, 354, 355, 356, 358, 359, 360, 361, 362, 363, 364, 372, 373, 374, 375, 376, 377, 378, 380, 386, 387, 388, 389, 390, 391, 392, 393, 394, 395, 405, 406, 410, 411, 412, 413, 414, 419, 420, 423, 424, 425, 427, 428, 429, 435, 436, 437, 438, 439, 440, 441, 442, 443, 444, 445, 452, 453, 454, 455, 456, 457 ]
    },
    "173": {
      "saveVersion": 173,
      "gameVersion": "v1.3.2.1",
      "maxTileId": 461,
      "maxWallId": 230,
      "maxItemId": 3769,
      "maxNpcId": 541,
      "maxMoonId": 3,
      "framedTileIds": [ 3, 4, 5, 10, 11, 12, 13, 14, 15, 16, 17, 18, 19, 20, 21, 24, 26, 27, 28, 29, 31, 33, 34, 35, 36, 42, 50, 55, 61, 71, 72, 73, 74, 77, 78, 79, 81, 82, 83, 84, 85, 86, 87, 88, 89, 90, 91, 92, 93, 94, 95, 96, 97, 98, 99, 100, 101, 102, 103, 104, 105, 106, 110, 113, 114, 125, 126, 128, 129, 132, 133, 134, 135, 136, 137, 138, 139, 141, 142, 143, 144, 149, 165, 171, 172, 173, 174, 178, 184, 185, 186, 187, 201, 207, 209, 210, 212, 215, 216, 217, 218, 219, 220, 227, 228, 231, 233, 235, 236, 237, 238, 239, 240, 241, 242, 243, 244, 245, 246, 247, 254, 269, 270, 271, 275, 276, 277, 278, 279, 280, 281, 282, 283, 285, 286, 287, 288, 289, 290, 291, 292, 293, 294, 295, 296, 297, 298, 299, 300, 301, 302, 303, 304, 305, 306, 307, 308, 309, 310, 314, 316, 317, 318, 319, 320, 323, 324, 334, 335, 337, 338, 339, 349, 354, 355, 356, 358, 359, 360, 361, 362, 363, 364, 372, 373, 374, 375, 376, 377, 378, 380, 386, 387, 388, 389, 390, 391, 392, 393, 394, 395, 405, 406, 410, 411, 412, 413, 414, 419, 420, 423, 424, 425, 427, 428, 429, 435, 436, 437, 438, 439, 440, 441, 442, 443, 444, 445, 452, 453, 454, 455, 456, 457 ]
    },
    "175": {
      "saveVersion": 175,
      "gameVersion": "v1.3.3",
      "maxTileId": 463,
      "maxWallId": 230,
      "maxItemId": 3796,
      "maxNpcId": 547,
      "maxMoonId": 3,
      "framedTileIds": [ 3, 4, 5, 10, 11, 12, 13, 14, 15, 16, 17, 18, 19, 20, 21, 24, 26, 27, 28, 29, 31, 33, 34, 35, 36, 42, 50, 55, 61, 71, 72, 73, 74, 77, 78, 79, 81, 82, 83, 84, 85, 86, 87, 88, 89, 90, 91, 92, 93, 94, 95, 96, 97, 98, 99, 100, 101, 102, 103, 104, 105, 106, 110, 113, 114, 125, 126, 128, 129, 132, 133, 134, 135, 136, 137, 138, 139, 141, 142, 143, 144, 149, 165, 171, 172, 173, 174, 178, 184, 185, 186, 187, 201, 207, 209, 210, 212, 215, 216, 217, 218, 219, 220, 227, 228, 231, 233, 235, 236, 237, 238, 239, 240, 241, 242, 243, 244, 245, 246, 247, 254, 269, 270, 271, 275, 276, 277, 278, 279, 280, 281, 282, 283, 285, 286, 287, 288, 289, 290, 291, 292, 293, 294, 295, 296, 297, 298, 299, 300, 301, 302, 303, 304, 305, 306, 307, 308, 309, 310, 314, 316, 317, 318, 319, 320, 323, 324, 334, 335, 337, 338, 339, 349, 354, 355, 356, 358, 359, 360, 361, 362, 363, 364, 372, 373, 374, 375, 376, 377, 378, 380, 386, 387, 388, 389, 390, 391, 392, 393, 394, 395, 405, 406, 410, 411, 412, 413, 414, 419, 420, 423, 424, 425, 427, 428, 429, 435, 436, 437, 438, 439, 440, 441, 442, 443, 444, 445, 452, 453, 454, 455, 456, 457, 461, 462 ]
    },
    "176": {
      "saveVersion": 176,
      "gameVersion": "v1.3.3.1",
      "maxTileId": 463,
      "maxWallId": 230,
      "maxItemId": 3796,
      "maxNpcId": 547,
      "maxMoonId": 3,
      "framedTileIds": [ 3, 4, 5, 10, 11, 12, 13, 14, 15, 16, 17, 18, 19, 20, 21, 24, 26, 27, 28, 29, 31, 33, 34, 35, 36, 42, 50, 55, 61, 71, 72, 73, 74, 77, 78, 79, 81, 82, 83, 84, 85, 86, 87, 88, 89, 90, 91, 92, 93, 94, 95, 96, 97, 98, 99, 100, 101, 102, 103, 104, 105, 106, 110, 113, 114, 125, 126, 128, 129, 132, 133, 134, 135, 136, 137, 138, 139, 141, 142, 143, 144, 149, 165, 171, 172, 173, 174, 178, 184, 185, 186, 187, 201, 207, 209, 210, 212, 215, 216, 217, 218, 219, 220, 227, 228, 231, 233, 235, 236, 237, 238, 239, 240, 241, 242, 243, 244, 245, 246, 247, 254, 269, 270, 271, 275, 276, 277, 278, 279, 280, 281, 282, 283, 285, 286, 287, 288, 289, 290, 291, 292, 293, 294, 295, 296, 297, 298, 299, 300, 301, 302, 303, 304, 305, 306, 307, 308, 309, 310, 314, 316, 317, 318, 319, 320, 323, 324, 334, 335, 337, 338, 339, 349, 354, 355, 356, 358, 359, 360, 361, 362, 363, 364, 372, 373, 374, 375, 376, 377, 378, 380, 386, 387, 388, 389, 390, 391, 392, 393, 394, 395, 405, 406, 410, 411, 412, 413, 414, 419, 420, 423, 424, 425, 427, 428, 429, 435, 436, 437, 438, 439, 440, 441, 442, 443, 444, 445, 452, 453, 454, 455, 456, 457, 461, 462 ]
    },
    "176": {
      "saveVersion": 176,
      "gameVersion": "v1.3.3.2",
      "maxTileId": 463,
      "maxWallId": 230,
      "maxItemId": 3796,
      "maxNpcId": 547,
      "maxMoonId": 3,
      "framedTileIds": [ 3, 4, 5, 10, 11, 12, 13, 14, 15, 16, 17, 18, 19, 20, 21, 24, 26, 27, 28, 29, 31, 33, 34, 35, 36, 42, 50, 55, 61, 71, 72, 73, 74, 77, 78, 79, 81, 82, 83, 84, 85, 86, 87, 88, 89, 90, 91, 92, 93, 94, 95, 96, 97, 98, 99, 100, 101, 102, 103, 104, 105, 106, 110, 113, 114, 125, 126, 128, 129, 132, 133, 134, 135, 136, 137, 138, 139, 141, 142, 143, 144, 149, 165, 171, 172, 173, 174, 178, 184, 185, 186, 187, 201, 207, 209, 210, 212, 215, 216, 217, 218, 219, 220, 227, 228, 231, 233, 235, 236, 237, 238, 239, 240, 241, 242, 243, 244, 245, 246, 247, 254, 269, 270, 271, 275, 276, 277, 278, 279, 280, 281, 282, 283, 285, 286, 287, 288, 289, 290, 291, 292, 293, 294, 295, 296, 297, 298, 299, 300, 301, 302, 303, 304, 305, 306, 307, 308, 309, 310, 314, 316, 317, 318, 319, 320, 323, 324, 334, 335, 337, 338, 339, 349, 354, 355, 356, 358, 359, 360, 361, 362, 363, 364, 372, 373, 374, 375, 376, 377, 378, 380, 386, 387, 388, 389, 390, 391, 392, 393, 394, 395, 405, 406, 410, 411, 412, 413, 414, 419, 420, 423, 424, 425, 427, 428, 429, 435, 436, 437, 438, 439, 440, 441, 442, 443, 444, 445, 452, 453, 454, 455, 456, 457, 461, 462 ]
    },
    "177": {
      "saveVersion": 177,
      "gameVersion": "v1.3.3.3",
      "maxTileId": 463,
      "maxWallId": 230,
      "maxItemId": 3796,
      "maxNpcId": 547,
      "maxMoonId": 3,
      "framedTileIds": [ 3, 4, 5, 10, 11, 12, 13, 14, 15, 16, 17, 18, 19, 20, 21, 24, 26, 27, 28, 29, 31, 33, 34, 35, 36, 42, 50, 55, 61, 71, 72, 73, 74, 77, 78, 79, 81, 82, 83, 84, 85, 86, 87, 88, 89, 90, 91, 92, 93, 94, 95, 96, 97, 98, 99, 100, 101, 102, 103, 104, 105, 106, 110, 113, 114, 125, 126, 128, 129, 132, 133, 134, 135, 136, 137, 138, 139, 141, 142, 143, 144, 149, 165, 171, 172, 173, 174, 178, 184, 185, 186, 187, 201, 207, 209, 210, 212, 215, 216, 217, 218, 219, 220, 227, 228, 231, 233, 235, 236, 237, 238, 239, 240, 241, 242, 243, 244, 245, 246, 247, 254, 269, 270, 271, 275, 276, 277, 278, 279, 280, 281, 282, 283, 285, 286, 287, 288, 289, 290, 291, 292, 293, 294, 295, 296, 297, 298, 299, 300, 301, 302, 303, 304, 305, 306, 307, 308, 309, 310, 314, 316, 317, 318, 319, 320, 323, 324, 334, 335, 337, 338, 339, 349, 354, 355, 356, 358, 359, 360, 361, 362, 363, 364, 372, 373, 374, 375, 376, 377, 378, 380, 386, 387, 388, 389, 390, 391, 392, 393, 394, 395, 405, 406, 410, 411, 412, 413, 414, 419, 420, 423, 424, 425, 427, 428, 429, 435, 436, 437, 438, 439, 440, 441, 442, 443, 444, 445, 452, 453, 454, 455, 456, 457, 461, 462 ]
    },
    "184": {
      "saveVersion": 184,
      "gameVersion": "v1.3.4",
      "maxTileId": 467,
      "maxWallId": 230,
      "maxItemId": 3883,
      "maxNpcId": 580,
      "maxMoonId": 3,
      "framedTileIds": [ 3, 4, 5, 10, 11, 12, 13, 14, 15, 16, 17, 18, 19, 20, 21, 24, 26, 27, 28, 29, 31, 33, 34, 35, 36, 42, 50, 55, 61, 71, 72, 73, 74, 77, 78, 79, 81, 82, 83, 84, 85, 86, 87, 88, 89, 90, 91, 92, 93, 94, 95, 96, 97, 98, 99, 100, 101, 102, 103, 104, 105, 106, 110, 113, 114, 125, 126, 128, 129, 132, 133, 134, 135, 136, 137, 138, 139, 141, 142, 143, 144, 149, 165, 171, 172, 173, 174, 178, 184, 185, 186, 187, 201, 207, 209, 210, 212, 215, 216, 217, 218, 219, 220, 227, 228, 231, 233, 235, 236, 237, 238, 239, 240, 241, 242, 243, 244, 245, 246, 247, 254, 269, 270, 271, 275, 276, 277, 278, 279, 280, 281, 282, 283, 285, 286, 287, 288, 289, 290, 291, 292, 293, 294, 295, 296, 297, 298, 299, 300, 301, 302, 303, 304, 305, 306, 307, 308, 309, 310, 314, 316, 317, 318, 319, 320, 323, 324, 334, 335, 337, 338, 339, 349, 354, 355, 356, 358, 359, 360, 361, 362, 363, 364, 372, 373, 374, 375, 376, 377, 378, 380, 386, 387, 388, 389, 390, 391, 392, 393, 394, 395, 405, 406, 410, 411, 412, 413, 414, 419, 420, 423, 424, 425, 427, 428, 429, 435, 436, 437, 438, 439, 440, 441, 442, 443, 444, 445, 452, 453, 454, 455, 456, 457, 461, 462, 463, 464, 465, 466 ]
    },
    "185": {
      "saveVersion": 185,
      "gameVersion": "v1.3.4.1",
      "maxTileId": 467,
      "maxWallId": 230,
      "maxItemId": 3883,
      "maxNpcId": 580,
      "maxMoonId": 3,
      "framedTileIds": [ 3, 4, 5, 10, 11, 12, 13, 14, 15, 16, 17, 18, 19, 20, 21, 24, 26, 27, 28, 29, 31, 33, 34, 35, 36, 42, 50, 55, 61, 71, 72, 73, 74, 77, 78, 79, 81, 82, 83, 84, 85, 86, 87, 88, 89, 90, 91, 92, 93, 94, 95, 96, 97, 98, 99, 100, 101, 102, 103, 104, 105, 106, 110, 113, 114, 125, 126, 128, 129, 132, 133, 134, 135, 136, 137, 138, 139, 141, 142, 143, 144, 149, 165, 171, 172, 173, 174, 178, 184, 185, 186, 187, 201, 207, 209, 210, 212, 215, 216, 217, 218, 219, 220, 227, 228, 231, 233, 235, 236, 237, 238, 239, 240, 241, 242, 243, 244, 245, 246, 247, 254, 269, 270, 271, 275, 276, 277, 278, 279, 280, 281, 282, 283, 285, 286, 287, 288, 289, 290, 291, 292, 293, 294, 295, 296, 297, 298, 299, 300, 301, 302, 303, 304, 305, 306, 307, 308, 309, 310, 314, 316, 317, 318, 319, 320, 323, 324, 334, 335, 337, 338, 339, 349, 354, 355, 356, 358, 359, 360, 361, 362, 363, 364, 372, 373, 374, 375, 376, 377, 378, 380, 386, 387, 388, 389, 390, 391, 392, 393, 394, 395, 405, 406, 410, 411, 412, 413, 414, 419, 420, 423, 424, 425, 427, 428, 429, 435, 436, 437, 438, 439, 440, 441, 442, 443, 444, 445, 452, 453, 454, 455, 456, 457, 461, 462, 463, 464, 465, 466 ]
    },
    "186": {
      "saveVersion": 186,
      "gameVersion": "v1.3.4.2",
      "maxTileId": 467,
      "maxWallId": 230,
      "maxItemId": 3883,
      "maxNpcId": 580,
      "maxMoonId": 3,
      "framedTileIds": [ 3, 4, 5, 10, 11, 12, 13, 14, 15, 16, 17, 18, 19, 20, 21, 24, 26, 27, 28, 29, 31, 33, 34, 35, 36, 42, 50, 55, 61, 71, 72, 73, 74, 77, 78, 79, 81, 82, 83, 84, 85, 86, 87, 88, 89, 90, 91, 92, 93, 94, 95, 96, 97, 98, 99, 100, 101, 102, 103, 104, 105, 106, 110, 113, 114, 125, 126, 128, 129, 132, 133, 134, 135, 136, 137, 138, 139, 141, 142, 143, 144, 149, 165, 171, 172, 173, 174, 178, 184, 185, 186, 187, 201, 207, 209, 210, 212, 215, 216, 217, 218, 219, 220, 227, 228, 231, 233, 235, 236, 237, 238, 239, 240, 241, 242, 243, 244, 245, 246, 247, 254, 269, 270, 271, 275, 276, 277, 278, 279, 280, 281, 282, 283, 285, 286, 287, 288, 289, 290, 291, 292, 293, 294, 295, 296, 297, 298, 299, 300, 301, 302, 303, 304, 305, 306, 307, 308, 309, 310, 314, 316, 317, 318, 319, 320, 323, 324, 334, 335, 337, 338, 339, 349, 354, 355, 356, 358, 359, 360, 361, 362, 363, 364, 372, 373, 374, 375, 376, 377, 378, 380, 386, 387, 388, 389, 390, 391, 392, 393, 394, 395, 405, 406, 410, 411, 412, 413, 414, 419, 420, 423, 424, 425, 427, 428, 429, 435, 436, 437, 438, 439, 440, 441, 442, 443, 444, 445, 452, 453, 454, 455, 456, 457, 461, 462, 463, 464, 465, 466 ]
    },
    "187": {
      "saveVersion": 187,
      "gameVersion": "v1.3.4.3",
      "maxTileId": 467,
      "maxWallId": 230,
      "maxItemId": 3883,
      "maxNpcId": 580,
      "maxMoonId": 3,
      "framedTileIds": [ 3, 4, 5, 10, 11, 12, 13, 14, 15, 16, 17, 18, 19, 20, 21, 24, 26, 27, 28, 29, 31, 33, 34, 35, 36, 42, 50, 55, 61, 71, 72, 73, 74, 77, 78, 79, 81, 82, 83, 84, 85, 86, 87, 88, 89, 90, 91, 92, 93, 94, 95, 96, 97, 98, 99, 100, 101, 102, 103, 104, 105, 106, 110, 113, 114, 125, 126, 128, 129, 132, 133, 134, 135, 136, 137, 138, 139, 141, 142, 143, 144, 149, 165, 171, 172, 173, 174, 178, 184, 185, 186, 187, 201, 207, 209, 210, 212, 215, 216, 217, 218, 219, 220, 227, 228, 231, 233, 235, 236, 237, 238, 239, 240, 241, 242, 243, 244, 245, 246, 247, 254, 269, 270, 271, 275, 276, 277, 278, 279, 280, 281, 282, 283, 285, 286, 287, 288, 289, 290, 291, 292, 293, 294, 295, 296, 297, 298, 299, 300, 301, 302, 303, 304, 305, 306, 307, 308, 309, 310, 314, 316, 317, 318, 319, 320, 323, 324, 334, 335, 337, 338, 339, 349, 354, 355, 356, 358, 359, 360, 361, 362, 363, 364, 372, 373, 374, 375, 376, 377, 378, 380, 386, 387, 388, 389, 390, 391, 392, 393, 394, 395, 405, 406, 410, 411, 412, 413, 414, 419, 420, 423, 424, 425, 427, 428, 429, 435, 436, 437, 438, 439, 440, 441, 442, 443, 444, 445, 452, 453, 454, 455, 456, 457, 461, 462, 463, 464, 465, 466 ]
    },
    "188": {
      "saveVersion": 188,
      "gameVersion": "v1.3.4.4",
      "maxTileId": 467,
      "maxWallId": 230,
      "maxItemId": 3883,
      "maxNpcId": 580,
      "maxMoonId": 3,
      "framedTileIds": [ 3, 4, 5, 10, 11, 12, 13, 14, 15, 16, 17, 18, 19, 20, 21, 24, 26, 27, 28, 29, 31, 33, 34, 35, 36, 42, 50, 55, 61, 71, 72, 73, 74, 77, 78, 79, 81, 82, 83, 84, 85, 86, 87, 88, 89, 90, 91, 92, 93, 94, 95, 96, 97, 98, 99, 100, 101, 102, 103, 104, 105, 106, 110, 113, 114, 125, 126, 128, 129, 132, 133, 134, 135, 136, 137, 138, 139, 141, 142, 143, 144, 149, 165, 171, 172, 173, 174, 178, 184, 185, 186, 187, 201, 207, 209, 210, 212, 215, 216, 217, 218, 219, 220, 227, 228, 231, 233, 235, 236, 237, 238, 239, 240, 241, 242, 243, 244, 245, 246, 247, 254, 269, 270, 271, 275, 276, 277, 278, 279, 280, 281, 282, 283, 285, 286, 287, 288, 289, 290, 291, 292, 293, 294, 295, 296, 297, 298, 299, 300, 301, 302, 303, 304, 305, 306, 307, 308, 309, 310, 314, 316, 317, 318, 319, 320, 323, 324, 334, 335, 337, 338, 339, 349, 354, 355, 356, 358, 359, 360, 361, 362, 363, 364, 372, 373, 374, 375, 376, 377, 378, 380, 386, 387, 388, 389, 390, 391, 392, 393, 394, 395, 405, 406, 410, 411, 412, 413, 414, 419, 420, 423, 424, 425, 427, 428, 429, 435, 436, 437, 438, 439, 440, 441, 442, 443, 444, 445, 452, 453, 454, 455, 456, 457, 461, 462, 463, 464, 465, 466 ]
    },
    "191": {
      "saveVersion": 191,
      "gameVersion": "v1.3.5",
      "maxTileId": 470,
      "maxWallId": 230,
      "maxItemId": 3929,
      "maxNpcId": 580,
      "maxMoonId": 3,
      "framedTileIds": [ 3, 4, 5, 10, 11, 12, 13, 14, 15, 16, 17, 18, 19, 20, 21, 24, 26, 27, 28, 29, 31, 33, 34, 35, 36, 42, 50, 55, 61, 71, 72, 73, 74, 77, 78, 79, 81, 82, 83, 84, 85, 86, 87, 88, 89, 90, 91, 92, 93, 94, 95, 96, 97, 98, 99, 100, 101, 102, 103, 104, 105, 106, 110, 113, 114, 125, 126, 128, 129, 132, 133, 134, 135, 136, 137, 138, 139, 141, 142, 143, 144, 149, 165, 171, 172, 173, 174, 178, 184, 185, 186, 187, 201, 207, 209, 210, 212, 215, 216, 217, 218, 219, 220, 227, 228, 231, 233, 235, 236, 237, 238, 239, 240, 241, 242, 243, 244, 245, 246, 247, 254, 269, 270, 271, 275, 276, 277, 278, 279, 280, 281, 282, 283, 285, 286, 287, 288, 289, 290, 291, 292, 293, 294, 295, 296, 297, 298, 299, 300, 301, 302, 303, 304, 305, 306, 307, 308, 309, 310, 314, 316, 317, 318, 319, 320, 323, 324, 334, 335, 337, 338, 339, 349, 354, 355, 356, 358, 359, 360, 361, 362, 363, 364, 372, 373, 374, 375, 376, 377, 378, 380, 386, 387, 388, 389, 390, 391, 392, 393, 394, 395, 405, 406, 410, 411, 412, 413, 414, 419, 420, 423, 424, 425, 427, 428, 429, 435, 436, 437, 438, 439, 440, 441, 442, 443, 444, 445, 452, 453, 454, 455, 456, 457, 461, 462, 463, 464, 465, 466, 467, 468, 469 ]
    },
    "192": {
      "saveVersion": 192,
      "gameVersion": "v1.3.5.1",
      "maxTileId": 470,
      "maxWallId": 230,
      "maxItemId": 3929,
      "maxNpcId": 580,
      "maxMoonId": 3,
      "framedTileIds": [ 3, 4, 5, 10, 11, 12, 13, 14, 15, 16, 17, 18, 19, 20, 21, 24, 26, 27, 28, 29, 31, 33, 34, 35, 36, 42, 50, 55, 61, 71, 72, 73, 74, 77, 78, 79, 81, 82, 83, 84, 85, 86, 87, 88, 89, 90, 91, 92, 93, 94, 95, 96, 97, 98, 99, 100, 101, 102, 103, 104, 105, 106, 110, 113, 114, 125, 126, 128, 129, 132, 133, 134, 135, 136, 137, 138, 139, 141, 142, 143, 144, 149, 165, 171, 172, 173, 174, 178, 184, 185, 186, 187, 201, 207, 209, 210, 212, 215, 216, 217, 218, 219, 220, 227, 228, 231, 233, 235, 236, 237, 238, 239, 240, 241, 242, 243, 244, 245, 246, 247, 254, 269, 270, 271, 275, 276, 277, 278, 279, 280, 281, 282, 283, 285, 286, 287, 288, 289, 290, 291, 292, 293, 294, 295, 296, 297, 298, 299, 300, 301, 302, 303, 304, 305, 306, 307, 308, 309, 310, 314, 316, 317, 318, 319, 320, 323, 324, 334, 335, 337, 338, 339, 349, 354, 355, 356, 358, 359, 360, 361, 362, 363, 364, 372, 373, 374, 375, 376, 377, 378, 380, 386, 387, 388, 389, 390, 391, 392, 393, 394, 395, 405, 406, 410, 411, 412, 413, 414, 419, 420, 423, 424, 425, 427, 428, 429, 435, 436, 437, 438, 439, 440, 441, 442, 443, 444, 445, 452, 453, 454, 455, 456, 457, 461, 462, 463, 464, 465, 466, 467, 468, 469 ]
    },
    "193": {
      "saveVersion": 193,
      "gameVersion": "v1.3.5.2",
      "maxTileId": 470,
      "maxWallId": 230,
      "maxItemId": 3929,
      "maxNpcId": 580,
      "maxMoonId": 3,
      "framedTileIds": [ 3, 4, 5, 10, 11, 12, 13, 14, 15, 16, 17, 18, 19, 20, 21, 24, 26, 27, 28, 29, 31, 33, 34, 35, 36, 42, 50, 55, 61, 71, 72, 73, 74, 77, 78, 79, 81, 82, 83, 84, 85, 86, 87, 88, 89, 90, 91, 92, 93, 94, 95, 96, 97, 98, 99, 100, 101, 102, 103, 104, 105, 106, 110, 113, 114, 125, 126, 128, 129, 132, 133, 134, 135, 136, 137, 138, 139, 141, 142, 143, 144, 149, 165, 171, 172, 173, 174, 178, 184, 185, 186, 187, 201, 207, 209, 210, 212, 215, 216, 217, 218, 219, 220, 227, 228, 231, 233, 235, 236, 237, 238, 239, 240, 241, 242, 243, 244, 245, 246, 247, 254, 269, 270, 271, 275, 276, 277, 278, 279, 280, 281, 282, 283, 285, 286, 287, 288, 289, 290, 291, 292, 293, 294, 295, 296, 297, 298, 299, 300, 301, 302, 303, 304, 305, 306, 307, 308, 309, 310, 314, 316, 317, 318, 319, 320, 323, 324, 334, 335, 337, 338, 339, 349, 354, 355, 356, 358, 359, 360, 361, 362, 363, 364, 372, 373, 374, 375, 376, 377, 378, 380, 386, 387, 388, 389, 390, 391, 392, 393, 394, 395, 405, 406, 410, 411, 412, 413, 414, 419, 420, 423, 424, 425, 427, 428, 429, 435, 436, 437, 438, 439, 440, 441, 442, 443, 444, 445, 452, 453, 454, 455, 456, 457, 461, 462, 463, 464, 465, 466, 467, 468, 469 ]
    },
    "194": {
      "saveVersion": 194,
      "gameVersion": "v1.3.5.3",
      "maxTileId": 470,
      "maxWallId": 230,
      "maxItemId": 3929,
      "maxNpcId": 580,
      "maxMoonId": 3,
      "framedTileIds": [ 3, 4, 5, 10, 11, 12, 13, 14, 15, 16, 17, 18, 19, 20, 21, 24, 26, 27, 28, 29, 31, 33, 34, 35, 36, 42, 50, 55, 61, 71, 72, 73, 74, 77, 78, 79, 81, 82, 83, 84, 85, 86, 87, 88, 89, 90, 91, 92, 93, 94, 95, 96, 97, 98, 99, 100, 101, 102, 103, 104, 105, 106, 110, 113, 114, 125, 126, 128, 129, 132, 133, 134, 135, 136, 137, 138, 139, 141, 142, 143, 144, 149, 165, 171, 172, 173, 174, 178, 184, 185, 186, 187, 201, 207, 209, 210, 212, 215, 216, 217, 218, 219, 220, 227, 228, 231, 233, 235, 236, 237, 238, 239, 240, 241, 242, 243, 244, 245, 246, 247, 254, 269, 270, 271, 275, 276, 277, 278, 279, 280, 281, 282, 283, 285, 286, 287, 288, 289, 290, 291, 292, 293, 294, 295, 296, 297, 298, 299, 300, 301, 302, 303, 304, 305, 306, 307, 308, 309, 310, 314, 316, 317, 318, 319, 320, 323, 324, 334, 335, 337, 338, 339, 349, 354, 355, 356, 358, 359, 360, 361, 362, 363, 364, 372, 373, 374, 375, 376, 377, 378, 380, 386, 387, 388, 389, 390, 391, 392, 393, 394, 395, 405, 406, 410, 411, 412, 413, 414, 419, 420, 423, 424, 425, 427, 428, 429, 435, 436, 437, 438, 439, 440, 441, 442, 443, 444, 445, 452, 453, 454, 455, 456, 457, 461, 462, 463, 464, 465, 466, 467, 468, 469 ]
    },
    "225": {
      "saveVersion": 225,
      "gameVersion": "v1.4.0.1",
      "maxTileId": 623,
      "maxWallId": 315,
      "maxItemId": 5042,
      "maxNpcId": 663,
      "maxMoonId": 9,
      "framedTileIds": [ 3, 4, 5, 10, 11, 12, 13, 14, 15, 16, 17, 18, 19, 20, 21, 24, 26, 27, 28, 29, 31, 33, 34, 35, 36, 42, 49, 50, 55, 61, 71, 72, 73, 74, 77, 78, 79, 81, 82, 83, 84, 85, 86, 87, 88, 89, 90, 91, 92, 93, 94, 95, 96, 97, 98, 99, 100, 101, 102, 103, 104, 105, 106, 110, 113, 114, 125, 126, 128, 129, 132, 133, 134, 135, 136, 137, 138, 139, 141, 142, 143, 144, 149, 165, 171, 172, 173, 174, 178, 184, 185, 186, 187, 201, 207, 209, 210, 212, 215, 216, 217, 218, 219, 220, 227, 228, 231, 233, 235, 236, 237, 238, 239, 240, 241, 242, 243, 244, 245, 246, 247, 254, 269, 270, 271, 275, 276, 277, 278, 279, 280, 281, 282, 283, 285, 286, 287, 288, 289, 290, 291, 292, 293, 294, 295, 296, 297, 298, 299, 300, 301, 302, 303, 304, 305, 306, 307, 308, 309, 310, 314, 316, 317, 318, 319, 320, 323, 324, 334, 335, 337, 338, 339, 349, 354, 355, 356, 358, 359, 360, 361, 362, 363, 364, 372, 373, 374, 375, 376, 377, 378, 380, 386, 387, 388, 389, 390, 391, 392, 393, 394, 395, 405, 406, 410, 411, 412, 413, 414, 419, 420, 423, 424, 425, 427, 428, 429, 435, 436, 437, 438, 439, 440, 441, 442, 443, 444, 445, 452, 453, 454, 455, 456, 457, 461, 462, 463, 464, 465, 466, 467, 468, 469, 470, 471, 475, 476, 480, 484, 485, 486, 487, 488, 489, 490, 491, 493, 494, 497, 499, 505, 506, 509, 510, 511, 518, 519, 520, 521, 522, 523, 524, 525, 526, 527, 529, 530, 531, 532, 533, 538, 542, 543, 544, 545, 547, 548, 549, 550, 551, 552, 553, 554, 555, 556, 558, 559, 560, 564, 565, 567, 568, 569, 570, 571, 572, 573, 579, 580, 581, 582, 583, 584, 585, 586, 587, 588, 589, 590, 591, 592, 593, 594, 595, 596, 597, 598, 599, 600, 601, 602, 603, 604, 605, 606, 607, 608, 609, 610, 611, 612, 613, 614, 615, 616, 617, 619, 620, 621, 622 ]
    },
    "226": {
      "saveVersion": 226,
      "gameVersion": "v1.4.0.2",
      "maxTileId": 623,
      "maxWallId": 315,
      "maxItemId": 5042,
      "maxNpcId": 663,
      "maxMoonId": 9,
      "framedTileIds": [ 3, 4, 5, 10, 11, 12, 13, 14, 15, 16, 17, 18, 19, 20, 21, 24, 26, 27, 28, 29, 31, 33, 34, 35, 36, 42, 49, 50, 55, 61, 71, 72, 73, 74, 77, 78, 79, 81, 82, 83, 84, 85, 86, 87, 88, 89, 90, 91, 92, 93, 94, 95, 96, 97, 98, 99, 100, 101, 102, 103, 104, 105, 106, 110, 113, 114, 125, 126, 128, 129, 132, 133, 134, 135, 136, 137, 138, 139, 141, 142, 143, 144, 149, 165, 171, 172, 173, 174, 178, 184, 185, 186, 187, 201, 207, 209, 210, 212, 215, 216, 217, 218, 219, 220, 227, 228, 231, 233, 235, 236, 237, 238, 239, 240, 241, 242, 243, 244, 245, 246, 247, 254, 269, 270, 271, 275, 276, 277, 278, 279, 280, 281, 282, 283, 285, 286, 287, 288, 289, 290, 291, 292, 293, 294, 295, 296, 297, 298, 299, 300, 301, 302, 303, 304, 305, 306, 307, 308, 309, 310, 314, 316, 317, 318, 319, 320, 323, 324, 334, 335, 337, 338, 339, 349, 354, 355, 356, 358, 359, 360, 361, 362, 363, 364, 372, 373, 374, 375, 376, 377, 378, 380, 386, 387, 388, 389, 390, 391, 392, 393, 394, 395, 405, 406, 410, 411, 412, 413, 414, 419, 420, 423, 424, 425, 427, 428, 429, 435, 436, 437, 438, 439, 440, 441, 442, 443, 444, 445, 452, 453, 454, 455, 456, 457, 461, 462, 463, 464, 465, 466, 467, 468, 469, 470, 471, 475, 476, 480, 484, 485, 486, 487, 488, 489, 490, 491, 493, 494, 497, 499, 505, 506, 509, 510, 511, 518, 519, 520, 521, 522, 523, 524, 525, 526, 527, 529, 530, 531, 532, 533, 538, 542, 543, 544, 545, 547, 548, 549, 550, 551, 552, 553, 554, 555, 556, 558, 559, 560, 564, 565, 567, 568, 569, 570, 571, 572, 573, 579, 580, 581, 582, 583, 584, 585, 586, 587, 588, 589, 590, 591, 592, 593, 594, 595, 596, 597, 598, 599, 600, 601, 602, 603, 604, 605, 606, 607, 608, 609, 610, 611, 612, 613, 614, 615, 616, 617, 619, 620, 621, 622 ]
    },
    "227": {
      "saveVersion": 227,
      "gameVersion": "v1.4.0.3",
      "maxTileId": 623,
      "maxWallId": 315,
      "maxItemId": 5042,
      "maxNpcId": 663,
      "maxMoonId": 9,
      "framedTileIds": [ 3, 4, 5, 10, 11, 12, 13, 14, 15, 16, 17, 18, 19, 20, 21, 24, 26, 27, 28, 29, 31, 33, 34, 35, 36, 42, 49, 50, 55, 61, 71, 72, 73, 74, 77, 78, 79, 81, 82, 83, 84, 85, 86, 87, 88, 89, 90, 91, 92, 93, 94, 95, 96, 97, 98, 99, 100, 101, 102, 103, 104, 105, 106, 110, 113, 114, 125, 126, 128, 129, 132, 133, 134, 135, 136, 137, 138, 139, 141, 142, 143, 144, 149, 165, 171, 172, 173, 174, 178, 184, 185, 186, 187, 201, 207, 209, 210, 212, 215, 216, 217, 218, 219, 220, 227, 228, 231, 233, 235, 236, 237, 238, 239, 240, 241, 242, 243, 244, 245, 246, 247, 254, 269, 270, 271, 275, 276, 277, 278, 279, 280, 281, 282, 283, 285, 286, 287, 288, 289, 290, 291, 292, 293, 294, 295, 296, 297, 298, 299, 300, 301, 302, 303, 304, 305, 306, 307, 308, 309, 310, 314, 316, 317, 318, 319, 320, 323, 324, 334, 335, 337, 338, 339, 349, 354, 355, 356, 358, 359, 360, 361, 362, 363, 364, 372, 373, 374, 375, 376, 377, 378, 380, 386, 387, 388, 389, 390, 391, 392, 393, 394, 395, 405, 406, 410, 411, 412, 413, 414, 419, 420, 423, 424, 425, 427, 428, 429, 435, 436, 437, 438, 439, 440, 441, 442, 443, 444, 445, 452, 453, 454, 455, 456, 457, 461, 462, 463, 464, 465, 466, 467, 468, 469, 470, 471, 475, 476, 480, 484, 485, 486, 487, 488, 489, 490, 491, 493, 494, 497, 499, 505, 506, 509, 510, 511, 518, 519, 520, 521, 522, 523, 524, 525, 526, 527, 529, 530, 531, 532, 533, 538, 542, 543, 544, 545, 547, 548, 549, 550, 551, 552, 553, 554, 555, 556, 558, 559, 560, 564, 565, 567, 568, 569, 570, 571, 572, 573, 579, 580, 581, 582, 583, 584, 585, 586, 587, 588, 589, 590, 591, 592, 593, 594, 595, 596, 597, 598, 599, 600, 601, 602, 603, 604, 605, 606, 607, 608, 609, 610, 611, 612, 613, 614, 615, 616, 617, 619, 620, 621, 622 ]
    },
    "228": {
      "saveVersion": 228,
      "gameVersion": "v1.4.0.4",
      "maxTileId": 623,
      "maxWallId": 315,
      "maxItemId": 5042,
      "maxNpcId": 663,
      "maxMoonId": 9,
      "framedTileIds": [ 3, 4, 5, 10, 11, 12, 13, 14, 15, 16, 17, 18, 19, 20, 21, 24, 26, 27, 28, 29, 31, 33, 34, 35, 36, 42, 49, 50, 55, 61, 71, 72, 73, 74, 77, 78, 79, 81, 82, 83, 84, 85, 86, 87, 88, 89, 90, 91, 92, 93, 94, 95, 96, 97, 98, 99, 100, 101, 102, 103, 104, 105, 106, 110, 113, 114, 125, 126, 128, 129, 132, 133, 134, 135, 136, 137, 138, 139, 141, 142, 143, 144, 149, 165, 171, 172, 173, 174, 178, 184, 185, 186, 187, 201, 207, 209, 210, 212, 215, 216, 217, 218, 219, 220, 227, 228, 231, 233, 235, 236, 237, 238, 239, 240, 241, 242, 243, 244, 245, 246, 247, 254, 269, 270, 271, 275, 276, 277, 278, 279, 280, 281, 282, 283, 285, 286, 287, 288, 289, 290, 291, 292, 293, 294, 295, 296, 297, 298, 299, 300, 301, 302, 303, 304, 305, 306, 307, 308, 309, 310, 314, 316, 317, 318, 319, 320, 323, 324, 334, 335, 337, 338, 339, 349, 354, 355, 356, 358, 359, 360, 361, 362, 363, 364, 372, 373, 374, 375, 376, 377, 378, 380, 386, 387, 388, 389, 390, 391, 392, 393, 394, 395, 405, 406, 410, 411, 412, 413, 414, 419, 420, 423, 424, 425, 427, 428, 429, 435, 436, 437, 438, 439, 440, 441, 442, 443, 444, 445, 452, 453, 454, 455, 456, 457, 461, 462, 463, 464, 465, 466, 467, 468, 469, 470, 471, 475, 476, 480, 484, 485, 486, 487, 488, 489, 490, 491, 493, 494, 497, 499, 505, 506, 509, 510, 511, 518, 519, 520, 521, 522, 523, 524, 525, 526, 527, 529, 530, 531, 532, 533, 538, 542, 543, 544, 545, 547, 548, 549, 550, 551, 552, 553, 554, 555, 556, 558, 559, 560, 564, 565, 567, 568, 569, 570, 571, 572, 573, 579, 580, 581, 582, 583, 584, 585, 586, 587, 588, 589, 590, 591, 592, 593, 594, 595, 596, 597, 598, 599, 600, 601, 602, 603, 604, 605, 606, 607, 608, 609, 610, 611, 612, 613, 614, 615, 616, 617, 619, 620, 621, 622 ]
    },
    "230": {
      "saveVersion": 230,
      "gameVersion": "v1.4.0.5",
      "maxTileId": 623,
      "maxWallId": 315,
      "maxItemId": 5044,
      "maxNpcId": 663,
      "maxMoonId": 9,
      "framedTileIds": [ 3, 4, 5, 10, 11, 12, 13, 14, 15, 16, 17, 18, 19, 20, 21, 24, 26, 27, 28, 29, 31, 33, 34, 35, 36, 42, 49, 50, 55, 61, 71, 72, 73, 74, 77, 78, 79, 81, 82, 83, 84, 85, 86, 87, 88, 89, 90, 91, 92, 93, 94, 95, 96, 97, 98, 99, 100, 101, 102, 103, 104, 105, 106, 110, 113, 114, 125, 126, 128, 129, 132, 133, 134, 135, 136, 137, 138, 139, 141, 142, 143, 144, 149, 165, 171, 172, 173, 174, 178, 184, 185, 186, 187, 201, 207, 209, 210, 212, 215, 216, 217, 218, 219, 220, 227, 228, 231, 233, 235, 236, 237, 238, 239, 240, 241, 242, 243, 244, 245, 246, 247, 254, 269, 270, 271, 275, 276, 277, 278, 279, 280, 281, 282, 283, 285, 286, 287, 288, 289, 290, 291, 292, 293, 294, 295, 296, 297, 298, 299, 300, 301, 302, 303, 304, 305, 306, 307, 308, 309, 310, 314, 316, 317, 318, 319, 320, 323, 324, 334, 335, 337, 338, 339, 349, 354, 355, 356, 358, 359, 360, 361, 362, 363, 364, 372, 373, 374, 375, 376, 377, 378, 380, 386, 387, 388, 389, 390, 391, 392, 393, 394, 395, 405, 406, 410, 411, 412, 413, 414, 419, 420, 423, 424, 425, 427, 428, 429, 435, 436, 437, 438, 439, 440, 441, 442, 443, 444, 445, 452, 453, 454, 455, 456, 457, 461, 462, 463, 464, 465, 466, 467, 468, 469, 470, 471, 475, 476, 480, 484, 485, 486, 487, 488, 489, 490, 491, 493, 494, 497, 499, 505, 506, 509, 510, 511, 518, 519, 520, 521, 522, 523, 524, 525, 526, 527, 529, 530, 531, 532, 533, 538, 542, 543, 544, 545, 547, 548, 549, 550, 551, 552, 553, 554, 555, 556, 558, 559, 560, 564, 565, 567, 568, 569, 570, 571, 572, 573, 579, 580, 581, 582, 583, 584, 585, 586, 587, 588, 589, 590, 591, 592, 593, 594, 595, 596, 597, 598, 599, 600, 601, 602, 603, 604, 605, 606, 607, 608, 609, 610, 611, 612, 613, 614, 615, 616, 617, 619, 620, 621, 622 ]
    },
    "232": {
      "saveVersion": 232,
      "gameVersion": "v1.4.1",
      "maxTileId": 624,
      "maxWallId": 315,
      "maxItemId": 5087,
      "maxNpcId": 665,
      "maxMoonId": 9,
      "framedTileIds": [ 3, 4, 5, 10, 11, 12, 13, 14, 15, 16, 17, 18, 19, 20, 21, 24, 26, 27, 28, 29, 31, 33, 34, 35, 36, 42, 49, 50, 55, 61, 71, 72, 73, 74, 77, 78, 79, 81, 82, 83, 84, 85, 86, 87, 88, 89, 90, 91, 92, 93, 94, 95, 96, 97, 98, 99, 100, 101, 102, 103, 104, 105, 106, 110, 113, 114, 125, 126, 128, 129, 132, 133, 134, 135, 136, 137, 138, 139, 141, 142, 143, 144, 149, 165, 171, 172, 173, 174, 178, 184, 185, 186, 187, 201, 207, 209, 210, 212, 215, 216, 217, 218, 219, 220, 227, 228, 231, 233, 235, 236, 237, 238, 239, 240, 241, 242, 243, 244, 245, 246, 247, 254, 269, 270, 271, 275, 276, 277, 278, 279, 280, 281, 282, 283, 285, 286, 287, 288, 289, 290, 291, 292, 293, 294, 295, 296, 297, 298, 299, 300, 301, 302, 303, 304, 305, 306, 307, 308, 309, 310, 314, 316, 317, 318, 319, 320, 323, 324, 334, 335, 337, 338, 339, 349, 354, 355, 356, 358, 359, 360, 361, 362, 363, 364, 372, 373, 374, 375, 376, 377, 378, 380, 386, 387, 388, 389, 390, 391, 392, 393, 394, 395, 405, 406, 410, 411, 412, 413, 414, 419, 420, 423, 424, 425, 427, 428, 429, 435, 436, 437, 438, 439, 440, 441, 442, 443, 444, 445, 452, 453, 454, 455, 456, 457, 461, 462, 463, 464, 465, 466, 467, 468, 469, 470, 471, 475, 476, 480, 484, 485, 486, 487, 488, 489, 490, 491, 493, 494, 497, 499, 505, 506, 509, 510, 511, 518, 519, 520, 521, 522, 523, 524, 525, 526, 527, 529, 530, 531, 532, 533, 538, 542, 543, 544, 545, 547, 548, 549, 550, 551, 552, 553, 554, 555, 556, 558, 559, 560, 564, 565, 567, 568, 569, 570, 571, 572, 573, 579, 580, 581, 582, 583, 584, 585, 586, 587, 588, 589, 590, 591, 592, 593, 594, 595, 596, 597, 598, 599, 600, 601, 602, 603, 604, 605, 606, 607, 608, 609, 610, 611, 612, 613, 614, 615, 616, 617, 619, 620, 621, 622, 623 ]
    },
    "233": {
      "saveVersion": 233,
      "gameVersion": "v1.4.1.1",
      "maxTileId": 624,
      "maxWallId": 315,
      "maxItemId": 5087,
      "maxNpcId":  665,
      "maxMoonId": 9,
      "framedTileIds": [ 3, 4, 5, 10, 11, 12, 13, 14, 15, 16, 17, 18, 19, 20, 21, 24, 26, 27, 28, 29, 31, 33, 34, 35, 36, 42, 49, 50, 55, 61, 71, 72, 73, 74, 77, 78, 79, 81, 82, 83, 84, 85, 86, 87, 88, 89, 90, 91, 92, 93, 94, 95, 96, 97, 98, 99, 100, 101, 102, 103, 104, 105, 106, 110, 113, 114, 125, 126, 128, 129, 132, 133, 134, 135, 136, 137, 138, 139, 141, 142, 143, 144, 149, 165, 171, 172, 173, 174, 178, 184, 185, 186, 187, 201, 207, 209, 210, 212, 215, 216, 217, 218, 219, 220, 227, 228, 231, 233, 235, 236, 237, 238, 239, 240, 241, 242, 243, 244, 245, 246, 247, 254, 269, 270, 271, 275, 276, 277, 278, 279, 280, 281, 282, 283, 285, 286, 287, 288, 289, 290, 291, 292, 293, 294, 295, 296, 297, 298, 299, 300, 301, 302, 303, 304, 305, 306, 307, 308, 309, 310, 314, 316, 317, 318, 319, 320, 323, 324, 334, 335, 337, 338, 339, 349, 354, 355, 356, 358, 359, 360, 361, 362, 363, 364, 372, 373, 374, 375, 376, 377, 378, 380, 386, 387, 388, 389, 390, 391, 392, 393, 394, 395, 405, 406, 410, 411, 412, 413, 414, 419, 420, 423, 424, 425, 427, 428, 429, 435, 436, 437, 438, 439, 440, 441, 442, 443, 444, 445, 452, 453, 454, 455, 456, 457, 461, 462, 463, 464, 465, 466, 467, 468, 469, 470, 471, 475, 476, 480, 484, 485, 486, 487, 488, 489, 490, 491, 493, 494, 497, 499, 505, 506, 509, 510, 511, 518, 519, 520, 521, 522, 523, 524, 525, 526, 527, 529, 530, 531, 532, 533, 538, 542, 543, 544, 545, 547, 548, 549, 550, 551, 552, 553, 554, 555, 556, 558, 559, 560, 564, 565, 567, 568, 569, 570, 571, 572, 573, 579, 580, 581, 582, 583, 584, 585, 586, 587, 588, 589, 590, 591, 592, 593, 594, 595, 596, 597, 598, 599, 600, 601, 602, 603, 604, 605, 606, 607, 608, 609, 610, 611, 612, 613, 614, 615, 616, 617, 619, 620, 621, 622, 623 ]
    },
    "234": {
      "saveVersion": 234,
      "gameVersion": "v1.4.1.2",
      "maxTileId": 624,
      "maxWallId": 315,
      "maxItemId": 5087,
      "maxNpcId": 665,
      "maxMoonId": 9,
      "framedTileIds": [ 3, 4, 5, 10, 11, 12, 13, 14, 15, 16, 17, 18, 19, 20, 21, 24, 26, 27, 28, 29, 31, 33, 34, 35, 36, 42, 49, 50, 55, 61, 71, 72, 73, 74, 77, 78, 79, 81, 82, 83, 84, 85, 86, 87, 88, 89, 90, 91, 92, 93, 94, 95, 96, 97, 98, 99, 100, 101, 102, 103, 104, 105, 106, 110, 113, 114, 125, 126, 128, 129, 132, 133, 134, 135, 136, 137, 138, 139, 141, 142, 143, 144, 149, 165, 171, 172, 173, 174, 178, 184, 185, 186, 187, 201, 207, 209, 210, 212, 215, 216, 217, 218, 219, 220, 227, 228, 231, 233, 235, 236, 237, 238, 239, 240, 241, 242, 243, 244, 245, 246, 247, 254, 269, 270, 271, 275, 276, 277, 278, 279, 280, 281, 282, 283, 285, 286, 287, 288, 289, 290, 291, 292, 293, 294, 295, 296, 297, 298, 299, 300, 301, 302, 303, 304, 305, 306, 307, 308, 309, 310, 314, 316, 317, 318, 319, 320, 323, 324, 334, 335, 337, 338, 339, 349, 354, 355, 356, 358, 359, 360, 361, 362, 363, 364, 372, 373, 374, 375, 376, 377, 378, 380, 386, 387, 388, 389, 390, 391, 392, 393, 394, 395, 405, 406, 410, 411, 412, 413, 414, 419, 420, 423, 424, 425, 427, 428, 429, 435, 436, 437, 438, 439, 440, 441, 442, 443, 444, 445, 452, 453, 454, 455, 456, 457, 461, 462, 463, 464, 465, 466, 467, 468, 469, 470, 471, 475, 476, 480, 484, 485, 486, 487, 488, 489, 490, 491, 493, 494, 497, 499, 505, 506, 509, 510, 511, 518, 519, 520, 521, 522, 523, 524, 525, 526, 527, 529, 530, 531, 532, 533, 538, 542, 543, 544, 545, 547, 548, 549, 550, 551, 552, 553, 554, 555, 556, 558, 559, 560, 564, 565, 567, 568, 569, 570, 571, 572, 573, 579, 580, 581, 582, 583, 584, 585, 586, 587, 588, 589, 590, 591, 592, 593, 594, 595, 596, 597, 598, 599, 600, 601, 602, 603, 604, 605, 606, 607, 608, 609, 610, 611, 612, 613, 614, 615, 616, 617, 619, 620, 621, 622, 623 ]
    },
    "235": {
      "saveVersion": 235,
      "gameVersion": "v1.4.2",
      "maxTileId": 624,
      "maxWallId": 315,
      "maxItemId": 5087,
      "maxNpcId": 665,
      "maxMoonId": 9,
      "framedTileIds": [ 3, 4, 5, 10, 11, 12, 13, 14, 15, 16, 17, 18, 19, 20, 21, 24, 26, 27, 28, 29, 31, 33, 34, 35, 36, 42, 49, 50, 55, 61, 71, 72, 73, 74, 77, 78, 79, 81, 82, 83, 84, 85, 86, 87, 88, 89, 90, 91, 92, 93, 94, 95, 96, 97, 98, 99, 100, 101, 102, 103, 104, 105, 106, 110, 113, 114, 125, 126, 128, 129, 132, 133, 134, 135, 136, 137, 138, 139, 141, 142, 143, 144, 149, 165, 171, 172, 173, 174, 178, 184, 185, 186, 187, 201, 207, 209, 210, 212, 215, 216, 217, 218, 219, 220, 227, 228, 231, 233, 235, 236, 237, 238, 239, 240, 241, 242, 243, 244, 245, 246, 247, 254, 269, 270, 271, 275, 276, 277, 278, 279, 280, 281, 282, 283, 285, 286, 287, 288, 289, 290, 291, 292, 293, 294, 295, 296, 297, 298, 299, 300, 301, 302, 303, 304, 305, 306, 307, 308, 309, 310, 314, 316, 317, 318, 319, 320, 323, 324, 334, 335, 337, 338, 339, 349, 354, 355, 356, 358, 359, 360, 361, 362, 363, 364, 372, 373, 374, 375, 376, 377, 378, 380, 386, 387, 388, 389, 390, 391, 392, 393, 394, 395, 405, 406, 410, 411, 412, 413, 414, 419, 420, 423, 424, 425, 427, 428, 429, 435, 436, 437, 438, 439, 440, 441, 442, 443, 444, 445, 452, 453, 454, 455, 456, 457, 461, 462, 463, 464, 465, 466, 467, 468, 469, 470, 471, 475, 476, 480, 484, 485, 486, 487, 488, 489, 490, 491, 493, 494, 497, 499, 505, 506, 509, 510, 511, 518, 519, 520, 521, 522, 523, 524, 525, 526, 527, 529, 530, 531, 532, 533, 538, 542, 543, 544, 545, 547, 548, 549, 550, 551, 552, 553, 554, 555, 556, 558, 559, 560, 564, 565, 567, 568, 569, 570, 571, 572, 573, 579, 580, 581, 582, 583, 584, 585, 586, 587, 588, 589, 590, 591, 592, 593, 594, 595, 596, 597, 598, 599, 600, 601, 602, 603, 604, 605, 606, 607, 608, 609, 610, 611, 612, 613, 614, 615, 616, 617, 619, 620, 621, 622, 623 ]
    },
    "236": {
      "saveVersion": 236,
      "gameVersion": "v1.4.2.1",
      "maxTileId": 624,
      "maxWallId": 315,
      "maxItemId": 5087,
      "maxNpcId": 665,
      "maxMoonId": 9,
      "framedTileIds": [ 3, 4, 5, 10, 11, 12, 13, 14, 15, 16, 17, 18, 19, 20, 21, 24, 26, 27, 28, 29, 31, 33, 34, 35, 36, 42, 49, 50, 55, 61, 71, 72, 73, 74, 77, 78, 79, 81, 82, 83, 84, 85, 86, 87, 88, 89, 90, 91, 92, 93, 94, 95, 96, 97, 98, 99, 100, 101, 102, 103, 104, 105, 106, 110, 113, 114, 125, 126, 128, 129, 132, 133, 134, 135, 136, 137, 138, 139, 141, 142, 143, 144, 149, 165, 171, 172, 173, 174, 178, 184, 185, 186, 187, 201, 207, 209, 210, 212, 215, 216, 217, 218, 219, 220, 227, 228, 231, 233, 235, 236, 237, 238, 239, 240, 241, 242, 243, 244, 245, 246, 247, 254, 269, 270, 271, 275, 276, 277, 278, 279, 280, 281, 282, 283, 285, 286, 287, 288, 289, 290, 291, 292, 293, 294, 295, 296, 297, 298, 299, 300, 301, 302, 303, 304, 305, 306, 307, 308, 309, 310, 314, 316, 317, 318, 319, 320, 323, 324, 334, 335, 337, 338, 339, 349, 354, 355, 356, 358, 359, 360, 361, 362, 363, 364, 372, 373, 374, 375, 376, 377, 378, 380, 386, 387, 388, 389, 390, 391, 392, 393, 394, 395, 405, 406, 410, 411, 412, 413, 414, 419, 420, 423, 424, 425, 427, 428, 429, 435, 436, 437, 438, 439, 440, 441, 442, 443, 444, 445, 452, 453, 454, 455, 456, 457, 461, 462, 463, 464, 465, 466, 467, 468, 469, 470, 471, 475, 476, 480, 484, 485, 486, 487, 488, 489, 490, 491, 493, 494, 497, 499, 505, 506, 509, 510, 511, 518, 519, 520, 521, 522, 523, 524, 525, 526, 527, 529, 530, 531, 532, 533, 538, 542, 543, 544, 545, 547, 548, 549, 550, 551, 552, 553, 554, 555, 556, 558, 559, 560, 564, 565, 567, 568, 569, 570, 571, 572, 573, 579, 580, 581, 582, 583, 584, 585, 586, 587, 588, 589, 590, 591, 592, 593, 594, 595, 596, 597, 598, 599, 600, 601, 602, 603, 604, 605, 606, 607, 608, 609, 610, 611, 612, 613, 614, 615, 616, 617, 619, 620, 621, 622, 623 ]
    },
    "237": {
      "saveVersion": 237,
      "gameVersion": "v1.4.2.2",
      "maxTileId": 624,
      "maxWallId": 315,
      "maxItemId": 5087,
      "maxNpcId": 667,
      "maxMoonId": 9,
      "framedTileIds": [ 3, 4, 5, 10, 11, 12, 13, 14, 15, 16, 17, 18, 19, 20, 21, 24, 26, 27, 28, 29, 31, 33, 34, 35, 36, 42, 49, 50, 55, 61, 71, 72, 73, 74, 77, 78, 79, 81, 82, 83, 84, 85, 86, 87, 88, 89, 90, 91, 92, 93, 94, 95, 96, 97, 98, 99, 100, 101, 102, 103, 104, 105, 106, 110, 113, 114, 125, 126, 128, 129, 132, 133, 134, 135, 136, 137, 138, 139, 141, 142, 143, 144, 149, 165, 171, 172, 173, 174, 178, 184, 185, 186, 187, 201, 207, 209, 210, 212, 215, 216, 217, 218, 219, 220, 227, 228, 231, 233, 235, 236, 237, 238, 239, 240, 241, 242, 243, 244, 245, 246, 247, 254, 269, 270, 271, 275, 276, 277, 278, 279, 280, 281, 282, 283, 285, 286, 287, 288, 289, 290, 291, 292, 293, 294, 295, 296, 297, 298, 299, 300, 301, 302, 303, 304, 305, 306, 307, 308, 309, 310, 314, 316, 317, 318, 319, 320, 323, 324, 334, 335, 337, 338, 339, 349, 354, 355, 356, 358, 359, 360, 361, 362, 363, 364, 372, 373, 374, 375, 376, 377, 378, 380, 386, 387, 388, 389, 390, 391, 392, 393, 394, 395, 405, 406, 410, 411, 412, 413, 414, 419, 420, 423, 424, 425, 427, 428, 429, 435, 436, 437, 438, 439, 440, 441, 442, 443, 444, 445, 452, 453, 454, 455, 456, 457, 461, 462, 463, 464, 465, 466, 467, 468, 469, 470, 471, 475, 476, 480, 484, 485, 486, 487, 488, 489, 490, 491, 493, 494, 497, 499, 505, 506, 509, 510, 511, 518, 519, 520, 521, 522, 523, 524, 525, 526, 527, 529, 530, 531, 532, 533, 538, 542, 543, 544, 545, 547, 548, 549, 550, 551, 552, 553, 554, 555, 556, 558, 559, 560, 564, 565, 567, 568, 569, 570, 571, 572, 573, 579, 580, 581, 582, 583, 584, 585, 586, 587, 588, 589, 590, 591, 592, 593, 594, 595, 596, 597, 598, 599, 600, 601, 602, 603, 604, 605, 606, 607, 608, 609, 610, 611, 612, 613, 614, 615, 616, 617, 619, 620, 621, 622, 623 ]
    },
    "238": {
      "saveVersion": 238,
      "gameVersion": "v1.4.2.3",
      "maxTileId": 624,
      "maxWallId": 315,
      "maxItemId": 5087,
      "maxNpcId": 668,
      "maxMoonId": 9,
      "framedTileIds": [ 3, 4, 5, 10, 11, 12, 13, 14, 15, 16, 17, 18, 19, 20, 21, 24, 26, 27, 28, 29, 31, 33, 34, 35, 36, 42, 49, 50, 55, 61, 71, 72, 73, 74, 77, 78, 79, 81, 82, 83, 84, 85, 86, 87, 88, 89, 90, 91, 92, 93, 94, 95, 96, 97, 98, 99, 100, 101, 102, 103, 104, 105, 106, 110, 113, 114, 125, 126, 128, 129, 132, 133, 134, 135, 136, 137, 138, 139, 141, 142, 143, 144, 149, 165, 171, 172, 173, 174, 178, 184, 185, 186, 187, 201, 207, 209, 210, 212, 215, 216, 217, 218, 219, 220, 227, 228, 231, 233, 235, 236, 237, 238, 239, 240, 241, 242, 243, 244, 245, 246, 247, 254, 269, 270, 271, 275, 276, 277, 278, 279, 280, 281, 282, 283, 285, 286, 287, 288, 289, 290, 291, 292, 293, 294, 295, 296, 297, 298, 299, 300, 301, 302, 303, 304, 305, 306, 307, 308, 309, 310, 314, 316, 317, 318, 319, 320, 323, 324, 334, 335, 337, 338, 339, 349, 354, 355, 356, 358, 359, 360, 361, 362, 363, 364, 372, 373, 374, 375, 376, 377, 378, 380, 386, 387, 388, 389, 390, 391, 392, 393, 394, 395, 405, 406, 410, 411, 412, 413, 414, 419, 420, 423, 424, 425, 427, 428, 429, 435, 436, 437, 438, 439, 440, 441, 442, 443, 444, 445, 452, 453, 454, 455, 456, 457, 461, 462, 463, 464, 465, 466, 467, 468, 469, 470, 471, 475, 476, 480, 484, 485, 486, 487, 488, 489, 490, 491, 493, 494, 497, 499, 505, 506, 509, 510, 511, 518, 519, 520, 521, 522, 523, 524, 525, 526, 527, 529, 530, 531, 532, 533, 538, 542, 543, 544, 545, 547, 548, 549, 550, 551, 552, 553, 554, 555, 556, 558, 559, 560, 564, 565, 567, 568, 569, 570, 571, 572, 573, 579, 580, 581, 582, 583, 584, 585, 586, 587, 588, 589, 590, 591, 592, 593, 594, 595, 596, 597, 598, 599, 600, 601, 602, 603, 604, 605, 606, 607, 608, 609, 610, 611, 612, 613, 614, 615, 616, 617, 619, 620, 621, 622, 623 ]
    },
    "242": {
      "saveVersion": 242,
      "gameVersion": "v1.4.3",
      "maxTileId": 625,
      "maxWallId": 315,
      "maxItemId": 5124,
      "maxNpcId": 670,
      "maxMoonId": 9,
      "framedTileIds": [ 3, 4, 5, 10, 11, 12, 13, 14, 15, 16, 17, 18, 19, 20, 21, 24, 26, 27, 28, 29, 31, 33, 34, 35, 36, 42, 49, 50, 55, 61, 71, 72, 73, 74, 77, 78, 79, 81, 82, 83, 84, 85, 86, 87, 88, 89, 90, 91, 92, 93, 94, 95, 96, 97, 98, 99, 100, 101, 102, 103, 104, 105, 106, 110, 113, 114, 125, 126, 128, 129, 132, 133, 134, 135, 136, 137, 138, 139, 141, 142, 143, 144, 149, 165, 171, 172, 173, 174, 178, 184, 185, 186, 187, 201, 207, 209, 210, 212, 215, 216, 217, 218, 219, 220, 227, 228, 231, 233, 235, 236, 237, 238, 239, 240, 241, 242, 243, 244, 245, 246, 247, 254, 269, 270, 271, 275, 276, 277, 278, 279, 280, 281, 282, 283, 285, 286, 287, 288, 289, 290, 291, 292, 293, 294, 295, 296, 297, 298, 299, 300, 301, 302, 303, 304, 305, 306, 307, 308, 309, 310, 314, 316, 317, 318, 319, 320, 323, 324, 334, 335, 337, 338, 339, 349, 354, 355, 356, 358, 359, 360, 361, 362, 363, 364, 372, 373, 374, 375, 376, 377, 378, 380, 386, 387, 388, 389, 390, 391, 392, 393, 394, 395, 405, 406, 410, 411, 412, 413, 414, 419, 420, 423, 424, 425, 427, 428, 429, 435, 436, 437, 438, 439, 440, 441, 442, 443, 444, 445, 452, 453, 454, 455, 456, 457, 461, 462, 463, 464, 465, 466, 467, 468, 469, 470, 471, 475, 476, 480, 484, 485, 486, 487, 488, 489, 490, 491, 493, 494, 497, 499, 505, 506, 509, 510, 511, 518, 519, 520, 521, 522, 523, 524, 525, 526, 527, 529, 530, 531, 532, 533, 538, 542, 543, 544, 545, 547, 548, 549, 550, 551, 552, 553, 554, 555, 556, 558, 559, 560, 564, 565, 567, 568, 569, 570, 571, 572, 573, 579, 580, 581, 582, 583, 584, 585, 586, 587, 588, 589, 590, 591, 592, 593, 594, 595, 596, 597, 598, 599, 600, 601, 602, 603, 604, 605, 606, 607, 608, 609, 610, 611, 612, 613, 614, 615, 616, 617, 619, 620, 621, 622, 623, 624 ]
    },
    "243": {
      "saveVersion": 243,
      "gameVersion": "v1.4.3.1",
      "maxTileId": 625,
      "maxWallId": 315,
      "maxItemId": 5124,
      "maxNpcId": 670,
      "maxMoonId": 9,
      "framedTileIds": [ 3, 4, 5, 10, 11, 12, 13, 14, 15, 16, 17, 18, 19, 20, 21, 24, 26, 27, 28, 29, 31, 33, 34, 35, 36, 42, 49, 50, 55, 61, 71, 72, 73, 74, 77, 78, 79, 81, 82, 83, 84, 85, 86, 87, 88, 89, 90, 91, 92, 93, 94, 95, 96, 97, 98, 99, 100, 101, 102, 103, 104, 105, 106, 110, 113, 114, 125, 126, 128, 129, 132, 133, 134, 135, 136, 137, 138, 139, 141, 142, 143, 144, 149, 165, 171, 172, 173, 174, 178, 184, 185, 186, 187, 201, 207, 209, 210, 212, 215, 216, 217, 218, 219, 220, 227, 228, 231, 233, 235, 236, 237, 238, 239, 240, 241, 242, 243, 244, 245, 246, 247, 254, 269, 270, 271, 275, 276, 277, 278, 279, 280, 281, 282, 283, 285, 286, 287, 288, 289, 290, 291, 292, 293, 294, 295, 296, 297, 298, 299, 300, 301, 302, 303, 304, 305, 306, 307, 308, 309, 310, 314, 316, 317, 318, 319, 320, 323, 324, 334, 335, 337, 338, 339, 349, 354, 355, 356, 358, 359, 360, 361, 362, 363, 364, 372, 373, 374, 375, 376, 377, 378, 380, 386, 387, 388, 389, 390, 391, 392, 393, 394, 395, 405, 406, 410, 411, 412, 413, 414, 419, 420, 423, 424, 425, 427, 428, 429, 435, 436, 437, 438, 439, 440, 441, 442, 443, 444, 445, 452, 453, 454, 455, 456, 457, 461, 462, 463, 464, 465, 466, 467, 468, 469, 470, 471, 475, 476, 480, 484, 485, 486, 487, 488, 489, 490, 491, 493, 494, 497, 499, 505, 506, 509, 510, 511, 518, 519, 520, 521, 522, 523, 524, 525, 526, 527, 529, 530, 531, 532, 533, 538, 542, 543, 544, 545, 547, 548, 549, 550, 551, 552, 553, 554, 555, 556, 558, 559, 560, 564, 565, 567, 568, 569, 570, 571, 572, 573, 579, 580, 581, 582, 583, 584, 585, 586, 587, 588, 589, 590, 591, 592, 593, 594, 595, 596, 597, 598, 599, 600, 601, 602, 603, 604, 605, 606, 607, 608, 609, 610, 611, 612, 613, 614, 615, 616, 617, 619, 620, 621, 622, 623, 624 ]
    },
    "244": {
      "saveVersion": 244,
      "gameVersion": "v1.4.3.2",
      "maxTileId": 625,
      "maxWallId": 315,
      "maxItemId": 5124,
      "maxNpcId": 670,
      "maxMoonId": 9,
      "framedTileIds": [ 3, 4, 5, 10, 11, 12, 13, 14, 15, 16, 17, 18, 19, 20, 21, 24, 26, 27, 28, 29, 31, 33, 34, 35, 36, 42, 49, 50, 55, 61, 71, 72, 73, 74, 77, 78, 79, 81, 82, 83, 84, 85, 86, 87, 88, 89, 90, 91, 92, 93, 94, 95, 96, 97, 98, 99, 100, 101, 102, 103, 104, 105, 106, 110, 113, 114, 125, 126, 128, 129, 132, 133, 134, 135, 136, 137, 138, 139, 141, 142, 143, 144, 149, 165, 171, 172, 173, 174, 178, 184, 185, 186, 187, 201, 207, 209, 210, 212, 215, 216, 217, 218, 219, 220, 227, 228, 231, 233, 235, 236, 237, 238, 239, 240, 241, 242, 243, 244, 245, 246, 247, 254, 269, 270, 271, 275, 276, 277, 278, 279, 280, 281, 282, 283, 285, 286, 287, 288, 289, 290, 291, 292, 293, 294, 295, 296, 297, 298, 299, 300, 301, 302, 303, 304, 305, 306, 307, 308, 309, 310, 314, 316, 317, 318, 319, 320, 323, 324, 334, 335, 337, 338, 339, 349, 354, 355, 356, 358, 359, 360, 361, 362, 363, 364, 372, 373, 374, 375, 376, 377, 378, 380, 386, 387, 388, 389, 390, 391, 392, 393, 394, 395, 405, 406, 410, 411, 412, 413, 414, 419, 420, 423, 424, 425, 427, 428, 429, 435, 436, 437, 438, 439, 440, 441, 442, 443, 444, 445, 452, 453, 454, 455, 456, 457, 461, 462, 463, 464, 465, 466, 467, 468, 469, 470, 471, 475, 476, 480, 484, 485, 486, 487, 488, 489, 490, 491, 493, 494, 497, 499, 505, 506, 509, 510, 511, 518, 519, 520, 521, 522, 523, 524, 525, 526, 527, 529, 530, 531, 532, 533, 538, 542, 543, 544, 545, 547, 548, 549, 550, 551, 552, 553, 554, 555, 556, 558, 559, 560, 564, 565, 567, 568, 569, 570, 571, 572, 573, 579, 580, 581, 582, 583, 584, 585, 586, 587, 588, 589, 590, 591, 592, 593, 594, 595, 596, 597, 598, 599, 600, 601, 602, 603, 604, 605, 606, 607, 608, 609, 610, 611, 612, 613, 614, 615, 616, 617, 619, 620, 621, 622, 623, 624 ]
    },
    "245": {
      "saveVersion": 245,
      "gameVersion": "v1.4.3.3",
      "maxTileId": 625,
      "maxWallId": 315,
      "maxItemId": 5124,
      "maxNpcId": 670,
      "maxMoonId": 9,
      "framedTileIds": [ 3, 4, 5, 10, 11, 12, 13, 14, 15, 16, 17, 18, 19, 20, 21, 24, 26, 27, 28, 29, 31, 33, 34, 35, 36, 42, 49, 50, 55, 61, 71, 72, 73, 74, 77, 78, 79, 81, 82, 83, 84, 85, 86, 87, 88, 89, 90, 91, 92, 93, 94, 95, 96, 97, 98, 99, 100, 101, 102, 103, 104, 105, 106, 110, 113, 114, 125, 126, 128, 129, 132, 133, 134, 135, 136, 137, 138, 139, 141, 142, 143, 144, 149, 165, 171, 172, 173, 174, 178, 184, 185, 186, 187, 201, 207, 209, 210, 212, 215, 216, 217, 218, 219, 220, 227, 228, 231, 233, 235, 236, 237, 238, 239, 240, 241, 242, 243, 244, 245, 246, 247, 254, 269, 270, 271, 275, 276, 277, 278, 279, 280, 281, 282, 283, 285, 286, 287, 288, 289, 290, 291, 292, 293, 294, 295, 296, 297, 298, 299, 300, 301, 302, 303, 304, 305, 306, 307, 308, 309, 310, 314, 316, 317, 318, 319, 320, 323, 324, 334, 335, 337, 338, 339, 349, 354, 355, 356, 358, 359, 360, 361, 362, 363, 364, 372, 373, 374, 375, 376, 377, 378, 380, 386, 387, 388, 389, 390, 391, 392, 393, 394, 395, 405, 406, 410, 411, 412, 413, 414, 419, 420, 423, 424, 425, 427, 428, 429, 435, 436, 437, 438, 439, 440, 441, 442, 443, 444, 445, 452, 453, 454, 455, 456, 457, 461, 462, 463, 464, 465, 466, 467, 468, 469, 470, 471, 475, 476, 480, 484, 485, 486, 487, 488, 489, 490, 491, 493, 494, 497, 499, 505, 506, 509, 510, 511, 518, 519, 520, 521, 522, 523, 524, 525, 526, 527, 529, 530, 531, 532, 533, 538, 542, 543, 544, 545, 547, 548, 549, 550, 551, 552, 553, 554, 555, 556, 558, 559, 560, 564, 565, 567, 568, 569, 570, 571, 572, 573, 579, 580, 581, 582, 583, 584, 585, 586, 587, 588, 589, 590, 591, 592, 593, 594, 595, 596, 597, 598, 599, 600, 601, 602, 603, 604, 605, 606, 607, 608, 609, 610, 611, 612, 613, 614, 615, 616, 617, 619, 620, 621, 622, 623, 624 ]
    },
    "246": {
      "saveVersion": 246,
      "gameVersion": "v1.4.3.4",
      "maxTileId": 625,
      "maxWallId": 315,
      "maxItemId": 5124,
      "maxNpcId": 670,
      "maxMoonId": 9,
      "framedTileIds": [ 3, 4, 5, 10, 11, 12, 13, 14, 15, 16, 17, 18, 19, 20, 21, 24, 26, 27, 28, 29, 31, 33, 34, 35, 36, 42, 49, 50, 55, 61, 71, 72, 73, 74, 77, 78, 79, 81, 82, 83, 84, 85, 86, 87, 88, 89, 90, 91, 92, 93, 94, 95, 96, 97, 98, 99, 100, 101, 102, 103, 104, 105, 106, 110, 113, 114, 125, 126, 128, 129, 132, 133, 134, 135, 136, 137, 138, 139, 141, 142, 143, 144, 149, 165, 171, 172, 173, 174, 178, 184, 185, 186, 187, 201, 207, 209, 210, 212, 215, 216, 217, 218, 219, 220, 227, 228, 231, 233, 235, 236, 237, 238, 239, 240, 241, 242, 243, 244, 245, 246, 247, 254, 269, 270, 271, 275, 276, 277, 278, 279, 280, 281, 282, 283, 285, 286, 287, 288, 289, 290, 291, 292, 293, 294, 295, 296, 297, 298, 299, 300, 301, 302, 303, 304, 305, 306, 307, 308, 309, 310, 314, 316, 317, 318, 319, 320, 323, 324, 334, 335, 337, 338, 339, 349, 354, 355, 356, 358, 359, 360, 361, 362, 363, 364, 372, 373, 374, 375, 376, 377, 378, 380, 386, 387, 388, 389, 390, 391, 392, 393, 394, 395, 405, 406, 410, 411, 412, 413, 414, 419, 420, 423, 424, 425, 427, 428, 429, 435, 436, 437, 438, 439, 440, 441, 442, 443, 444, 445, 452, 453, 454, 455, 456, 457, 461, 462, 463, 464, 465, 466, 467, 468, 469, 470, 471, 475, 476, 480, 484, 485, 486, 487, 488, 489, 490, 491, 493, 494, 497, 499, 505, 506, 509, 510, 511, 518, 519, 520, 521, 522, 523, 524, 525, 526, 527, 529, 530, 531, 532, 533, 538, 542, 543, 544, 545, 547, 548, 549, 550, 551, 552, 553, 554, 555, 556, 558, 559, 560, 564, 565, 567, 568, 569, 570, 571, 572, 573, 579, 580, 581, 582, 583, 584, 585, 586, 587, 588, 589, 590, 591, 592, 593, 594, 595, 596, 597, 598, 599, 600, 601, 602, 603, 604, 605, 606, 607, 608, 609, 610, 611, 612, 613, 614, 615, 616, 617, 619, 620, 621, 622, 623, 624 ]
    },
    "247": {
      "saveVersion": 247,
      "gameVersion": "v1.4.3.5",
      "maxTileId": 625,
      "maxWallId": 315,
      "maxItemId": 5124,
      "maxNpcId": 670,
      "maxMoonId": 9,
      "framedTileIds": [ 3, 4, 5, 10, 11, 12, 13, 14, 15, 16, 17, 18, 19, 20, 21, 24, 26, 27, 28, 29, 31, 33, 34, 35, 36, 42, 49, 50, 55, 61, 71, 72, 73, 74, 77, 78, 79, 81, 82, 83, 84, 85, 86, 87, 88, 89, 90, 91, 92, 93, 94, 95, 96, 97, 98, 99, 100, 101, 102, 103, 104, 105, 106, 110, 113, 114, 125, 126, 128, 129, 132, 133, 134, 135, 136, 137, 138, 139, 141, 142, 143, 144, 149, 165, 171, 172, 173, 174, 178, 184, 185, 186, 187, 201, 207, 209, 210, 212, 215, 216, 217, 218, 219, 220, 227, 228, 231, 233, 235, 236, 237, 238, 239, 240, 241, 242, 243, 244, 245, 246, 247, 254, 269, 270, 271, 275, 276, 277, 278, 279, 280, 281, 282, 283, 285, 286, 287, 288, 289, 290, 291, 292, 293, 294, 295, 296, 297, 298, 299, 300, 301, 302, 303, 304, 305, 306, 307, 308, 309, 310, 314, 316, 317, 318, 319, 320, 323, 324, 334, 335, 337, 338, 339, 349, 354, 355, 356, 358, 359, 360, 361, 362, 363, 364, 372, 373, 374, 375, 376, 377, 378, 380, 386, 387, 388, 389, 390, 391, 392, 393, 394, 395, 405, 406, 410, 411, 412, 413, 414, 419, 420, 423, 424, 425, 427, 428, 429, 435, 436, 437, 438, 439, 440, 441, 442, 443, 444, 445, 452, 453, 454, 455, 456, 457, 461, 462, 463, 464, 465, 466, 467, 468, 469, 470, 471, 475, 476, 480, 484, 485, 486, 487, 488, 489, 490, 491, 493, 494, 497, 499, 505, 506, 509, 510, 511, 518, 519, 520, 521, 522, 523, 524, 525, 526, 527, 529, 530, 531, 532, 533, 538, 542, 543, 544, 545, 547, 548, 549, 550, 551, 552, 553, 554, 555, 556, 558, 559, 560, 564, 565, 567, 568, 569, 570, 571, 572, 573, 579, 580, 581, 582, 583, 584, 585, 586, 587, 588, 589, 590, 591, 592, 593, 594, 595, 596, 597, 598, 599, 600, 601, 602, 603, 604, 605, 606, 607, 608, 609, 610, 611, 612, 613, 614, 615, 616, 617, 619, 620, 621, 622, 623, 624 ]
    },
    "248": {
      "saveVersion": 248,
      "gameVersion": "v1.4.3.6",
      "maxTileId": 625,
      "maxWallId": 315,
      "maxItemId": 5124,
      "maxNpcId": 670,
      "maxMoonId": 9,
      "framedTileIds": [ 3, 4, 5, 10, 11, 12, 13, 14, 15, 16, 17, 18, 19, 20, 21, 24, 26, 27, 28, 29, 31, 33, 34, 35, 36, 42, 49, 50, 55, 61, 71, 72, 73, 74, 77, 78, 79, 81, 82, 83, 84, 85, 86, 87, 88, 89, 90, 91, 92, 93, 94, 95, 96, 97, 98, 99, 100, 101, 102, 103, 104, 105, 106, 110, 113, 114, 125, 126, 128, 129, 132, 133, 134, 135, 136, 137, 138, 139, 141, 142, 143, 144, 149, 165, 171, 172, 173, 174, 178, 184, 185, 186, 187, 201, 207, 209, 210, 212, 215, 216, 217, 218, 219, 220, 227, 228, 231, 233, 235, 236, 237, 238, 239, 240, 241, 242, 243, 244, 245, 246, 247, 254, 269, 270, 271, 275, 276, 277, 278, 279, 280, 281, 282, 283, 285, 286, 287, 288, 289, 290, 291, 292, 293, 294, 295, 296, 297, 298, 299, 300, 301, 302, 303, 304, 305, 306, 307, 308, 309, 310, 314, 316, 317, 318, 319, 320, 323, 324, 334, 335, 337, 338, 339, 349, 354, 355, 356, 358, 359, 360, 361, 362, 363, 364, 372, 373, 374, 375, 376, 377, 378, 380, 386, 387, 388, 389, 390, 391, 392, 393, 394, 395, 405, 406, 410, 411, 412, 413, 414, 419, 420, 423, 424, 425, 427, 428, 429, 435, 436, 437, 438, 439, 440, 441, 442, 443, 444, 445, 452, 453, 454, 455, 456, 457, 461, 462, 463, 464, 465, 466, 467, 468, 469, 470, 471, 475, 476, 480, 484, 485, 486, 487, 488, 489, 490, 491, 493, 494, 497, 499, 505, 506, 509, 510, 511, 518, 519, 520, 521, 522, 523, 524, 525, 526, 527, 529, 530, 531, 532, 533, 538, 542, 543, 544, 545, 547, 548, 549, 550, 551, 552, 553, 554, 555, 556, 558, 559, 560, 564, 565, 567, 568, 569, 570, 571, 572, 573, 579, 580, 581, 582, 583, 584, 585, 586, 587, 588, 589, 590, 591, 592, 593, 594, 595, 596, 597, 598, 599, 600, 601, 602, 603, 604, 605, 606, 607, 608, 609, 610, 611, 612, 613, 614, 615, 616, 617, 619, 620, 621, 622, 623, 624 ]
    },
    "269": {
      "saveVersion": 269,
      "gameVersion": "v1.4.4",
      "MaxTileId": 693,
      "MaxWallId": 346,
      "MaxItemId": 5452,
      "maxNpcId": 688,
      "maxMoonId": 9,
      "framedTileIds": [ 3, 4, 5, 10, 11, 12, 13, 14, 15, 16, 17, 18, 19, 20, 21, 24, 26, 27, 28, 29, 31, 33, 34, 35, 36, 42, 49, 50, 55, 61, 71, 72, 73, 74, 77, 78, 79, 81, 82, 83, 84, 85, 86, 87, 88, 89, 90, 91, 92, 93, 94, 95, 96, 97, 98, 99, 100, 101, 102, 103, 104, 105, 106, 110, 113, 114, 125, 126, 128, 129, 132, 133, 134, 135, 136, 137, 138, 139, 141, 142, 143, 144, 149, 165, 171, 172, 173, 174, 178, 184, 185, 186, 187, 201, 207, 209, 210, 212, 215, 216, 217, 218, 219, 220, 227, 228, 231, 233, 235, 236, 237, 238, 239, 240, 241, 242, 243, 244, 245, 246, 247, 254, 269, 270, 271, 275, 276, 277, 278, 279, 280, 281, 282, 283, 285, 286, 287, 288, 289, 290, 291, 292, 293, 294, 295, 296, 297, 298, 299, 300, 301, 302, 303, 304, 305, 306, 307, 308, 309, 310, 314, 316, 317, 318, 319, 320, 323, 324, 334, 335, 337, 338, 339, 349, 354, 355, 356, 358, 359, 360, 361, 362, 363, 364, 372, 373, 374, 375, 376, 377, 378, 380, 386, 387, 388, 389, 390, 391, 392, 393, 394, 395, 405, 406, 410, 411, 412, 413, 414, 419, 420, 423, 424, 425, 427, 428, 429, 435, 436, 437, 438, 439, 440, 441, 442, 443, 444, 445, 452, 453, 454, 455, 456, 457, 461, 462, 463, 464, 465, 466, 467, 468, 469, 470, 471, 475, 476, 480, 484, 485, 486, 487, 488, 489, 490, 491, 493, 494, 497, 499, 505, 506, 509, 510, 511, 518, 519, 520, 521, 522, 523, 524, 525, 526, 527, 529, 530, 531, 532, 533, 538, 542, 543, 544, 545, 547, 548, 549, 550, 551, 552, 553, 554, 555, 556, 558, 559, 560, 564, 565, 567, 568, 569, 570, 571, 572, 573, 579, 580, 581, 582, 583, 584, 585, 586, 587, 588, 589, 590, 591, 592, 593, 594, 595, 596, 597, 598, 599, 600, 601, 602, 603, 604, 605, 606, 607, 608, 609, 610, 611, 612, 613, 614, 615, 616, 617, 619, 620, 621, 622, 623, 624, 629, 630, 631, 632, 634, 637, 639, 640, 642, 643, 644, 645, 646, 647, 648, 649, 650, 651, 652, 653, 654, 656, 657, 658, 660, 663, 664, 665 ]
    },
    "270": {
      "saveVersion": 270,
      "gameVersion": "v1.4.4.1",
      "MaxTileId": 693,
      "MaxWallId": 346,
      "MaxItemId": 5452,
      "maxNpcId": 688,
      "maxMoonId": 9,
      "framedTileIds": [ 3, 4, 5, 10, 11, 12, 13, 14, 15, 16, 17, 18, 19, 20, 21, 24, 26, 27, 28, 29, 31, 33, 34, 35, 36, 42, 49, 50, 55, 61, 71, 72, 73, 74, 77, 78, 79, 81, 82, 83, 84, 85, 86, 87, 88, 89, 90, 91, 92, 93, 94, 95, 96, 97, 98, 99, 100, 101, 102, 103, 104, 105, 106, 110, 113, 114, 125, 126, 128, 129, 132, 133, 134, 135, 136, 137, 138, 139, 141, 142, 143, 144, 149, 165, 171, 172, 173, 174, 178, 184, 185, 186, 187, 201, 207, 209, 210, 212, 215, 216, 217, 218, 219, 220, 227, 228, 231, 233, 235, 236, 237, 238, 239, 240, 241, 242, 243, 244, 245, 246, 247, 254, 269, 270, 271, 275, 276, 277, 278, 279, 280, 281, 282, 283, 285, 286, 287, 288, 289, 290, 291, 292, 293, 294, 295, 296, 297, 298, 299, 300, 301, 302, 303, 304, 305, 306, 307, 308, 309, 310, 314, 316, 317, 318, 319, 320, 323, 324, 334, 335, 337, 338, 339, 349, 354, 355, 356, 358, 359, 360, 361, 362, 363, 364, 372, 373, 374, 375, 376, 377, 378, 380, 386, 387, 388, 389, 390, 391, 392, 393, 394, 395, 405, 406, 410, 411, 412, 413, 414, 419, 420, 423, 424, 425, 427, 428, 429, 435, 436, 437, 438, 439, 440, 441, 442, 443, 444, 445, 452, 453, 454, 455, 456, 457, 461, 462, 463, 464, 465, 466, 467, 468, 469, 470, 471, 475, 476, 480, 484, 485, 486, 487, 488, 489, 490, 491, 493, 494, 497, 499, 505, 506, 509, 510, 511, 518, 519, 520, 521, 522, 523, 524, 525, 526, 527, 529, 530, 531, 532, 533, 538, 542, 543, 544, 545, 547, 548, 549, 550, 551, 552, 553, 554, 555, 556, 558, 559, 560, 564, 565, 567, 568, 569, 570, 571, 572, 573, 579, 580, 581, 582, 583, 584, 585, 586, 587, 588, 589, 590, 591, 592, 593, 594, 595, 596, 597, 598, 599, 600, 601, 602, 603, 604, 605, 606, 607, 608, 609, 610, 611, 612, 613, 614, 615, 616, 617, 619, 620, 621, 622, 623, 624, 629, 630, 631, 632, 634, 637, 639, 640, 642, 643, 644, 645, 646, 647, 648, 649, 650, 651, 652, 653, 654, 656, 657, 658, 660, 663, 664, 665 ]
    },
    "271": {
      "saveVersion": 271,
      "gameVersion": "v1.4.4.2",
      "MaxTileId": 693,
      "MaxWallId": 346,
      "MaxItemId": 5452,
      "MaxNpcId": 688,
      "maxMoonId": 9,
      "framedTileIds": [ 3, 4, 5, 10, 11, 12, 13, 14, 15, 16, 17, 18, 19, 20, 21, 24, 26, 27, 28, 29, 31, 33, 34, 35, 36, 42, 49, 50, 55, 61, 71, 72, 73, 74, 77, 78, 79, 81, 82, 83, 84, 85, 86, 87, 88, 89, 90, 91, 92, 93, 94, 95, 96, 97, 98, 99, 100, 101, 102, 103, 104, 105, 106, 110, 113, 114, 125, 126, 128, 129, 132, 133, 134, 135, 136, 137, 138, 139, 141, 142, 143, 144, 149, 165, 171, 172, 173, 174, 178, 184, 185, 186, 187, 201, 207, 209, 210, 212, 215, 216, 217, 218, 219, 220, 227, 228, 231, 233, 235, 236, 237, 238, 239, 240, 241, 242, 243, 244, 245, 246, 247, 254, 269, 270, 271, 275, 276, 277, 278, 279, 280, 281, 282, 283, 285, 286, 287, 288, 289, 290, 291, 292, 293, 294, 295, 296, 297, 298, 299, 300, 301, 302, 303, 304, 305, 306, 307, 308, 309, 310, 314, 316, 317, 318, 319, 320, 323, 324, 334, 335, 337, 338, 339, 349, 354, 355, 356, 358, 359, 360, 361, 362, 363, 364, 372, 373, 374, 375, 376, 377, 378, 380, 386, 387, 388, 389, 390, 391, 392, 393, 394, 395, 405, 406, 410, 411, 412, 413, 414, 419, 420, 423, 424, 425, 427, 428, 429, 435, 436, 437, 438, 439, 440, 441, 442, 443, 444, 445, 452, 453, 454, 455, 456, 457, 461, 462, 463, 464, 465, 466, 467, 468, 469, 470, 471, 475, 476, 480, 484, 485, 486, 487, 488, 489, 490, 491, 493, 494, 497, 499, 505, 506, 509, 510, 511, 518, 519, 520, 521, 522, 523, 524, 525, 526, 527, 529, 530, 531, 532, 533, 538, 542, 543, 544, 545, 547, 548, 549, 550, 551, 552, 553, 554, 555, 556, 558, 559, 560, 564, 565, 567, 568, 569, 570, 571, 572, 573, 579, 580, 581, 582, 583, 584, 585, 586, 587, 588, 589, 590, 591, 592, 593, 594, 595, 596, 597, 598, 599, 600, 601, 602, 603, 604, 605, 606, 607, 608, 609, 610, 611, 612, 613, 614, 615, 616, 617, 619, 620, 621, 622, 623, 624, 629, 630, 631, 632, 634, 637, 639, 640, 642, 643, 644, 645, 646, 647, 648, 649, 650, 651, 652, 653, 654, 656, 657, 658, 660, 663, 664, 665 ]
    },
    "272": {
      "saveVersion": 272,
      "gameVersion": "v1.4.4.3",
      "MaxTileId": 693,
      "MaxWallId": 346,
      "MaxItemId": 5452,
      "MaxNpcId": 688,
      "maxMoonId": 9,
      "framedTileIds": [ 3, 4, 5, 10, 11, 12, 13, 14, 15, 16, 17, 18, 19, 20, 21, 24, 26, 27, 28, 29, 31, 33, 34, 35, 36, 42, 49, 50, 55, 61, 71, 72, 73, 74, 77, 78, 79, 81, 82, 83, 84, 85, 86, 87, 88, 89, 90, 91, 92, 93, 94, 95, 96, 97, 98, 99, 100, 101, 102, 103, 104, 105, 106, 110, 113, 114, 125, 126, 128, 129, 132, 133, 134, 135, 136, 137, 138, 139, 141, 142, 143, 144, 149, 165, 171, 172, 173, 174, 178, 184, 185, 186, 187, 201, 207, 209, 210, 212, 215, 216, 217, 218, 219, 220, 227, 228, 231, 233, 235, 236, 237, 238, 239, 240, 241, 242, 243, 244, 245, 246, 247, 254, 269, 270, 271, 275, 276, 277, 278, 279, 280, 281, 282, 283, 285, 286, 287, 288, 289, 290, 291, 292, 293, 294, 295, 296, 297, 298, 299, 300, 301, 302, 303, 304, 305, 306, 307, 308, 309, 310, 314, 316, 317, 318, 319, 320, 323, 324, 334, 335, 337, 338, 339, 349, 354, 355, 356, 358, 359, 360, 361, 362, 363, 364, 372, 373, 374, 375, 376, 377, 378, 380, 386, 387, 388, 389, 390, 391, 392, 393, 394, 395, 405, 406, 410, 411, 412, 413, 414, 419, 420, 423, 424, 425, 427, 428, 429, 435, 436, 437, 438, 439, 440, 441, 442, 443, 444, 445, 452, 453, 454, 455, 456, 457, 461, 462, 463, 464, 465, 466, 467, 468, 469, 470, 471, 475, 476, 480, 484, 485, 486, 487, 488, 489, 490, 491, 493, 494, 497, 499, 505, 506, 509, 510, 511, 518, 519, 520, 521, 522, 523, 524, 525, 526, 527, 529, 530, 531, 532, 533, 538, 542, 543, 544, 545, 547, 548, 549, 550, 551, 552, 553, 554, 555, 556, 558, 559, 560, 564, 565, 567, 568, 569, 570, 571, 572, 573, 579, 580, 581, 582, 583, 584, 585, 586, 587, 588, 589, 590, 591, 592, 593, 594, 595, 596, 597, 598, 599, 600, 601, 602, 603, 604, 605, 606, 607, 608, 609, 610, 611, 612, 613, 614, 615, 616, 617, 619, 620, 621, 622, 623, 624, 629, 630, 631, 632, 634, 637, 639, 640, 642, 643, 644, 645, 646, 647, 648, 649, 650, 651, 652, 653, 654, 656, 657, 658, 660, 663, 664, 665 ]
    },
    "273": {
      "saveVersion": 273,
      "gameVersion": "v1.4.4.4",
      "MaxTileId": 693,
      "MaxWallId": 346,
      "MaxItemId": 5452,
      "MaxNpcId": 688,
      "maxMoonId": 9,
      "framedTileIds": [ 3, 4, 5, 10, 11, 12, 13, 14, 15, 16, 17, 18, 19, 20, 21, 24, 26, 27, 28, 29, 31, 33, 34, 35, 36, 42, 49, 50, 55, 61, 71, 72, 73, 74, 77, 78, 79, 81, 82, 83, 84, 85, 86, 87, 88, 89, 90, 91, 92, 93, 94, 95, 96, 97, 98, 99, 100, 101, 102, 103, 104, 105, 106, 110, 113, 114, 125, 126, 128, 129, 132, 133, 134, 135, 136, 137, 138, 139, 141, 142, 143, 144, 149, 165, 171, 172, 173, 174, 178, 184, 185, 186, 187, 201, 207, 209, 210, 212, 215, 216, 217, 218, 219, 220, 227, 228, 231, 233, 235, 236, 237, 238, 239, 240, 241, 242, 243, 244, 245, 246, 247, 254, 269, 270, 271, 275, 276, 277, 278, 279, 280, 281, 282, 283, 285, 286, 287, 288, 289, 290, 291, 292, 293, 294, 295, 296, 297, 298, 299, 300, 301, 302, 303, 304, 305, 306, 307, 308, 309, 310, 314, 316, 317, 318, 319, 320, 323, 324, 334, 335, 337, 338, 339, 349, 354, 355, 356, 358, 359, 360, 361, 362, 363, 364, 372, 373, 374, 375, 376, 377, 378, 380, 386, 387, 388, 389, 390, 391, 392, 393, 394, 395, 405, 406, 410, 411, 412, 413, 414, 419, 420, 423, 424, 425, 427, 428, 429, 435, 436, 437, 438, 439, 440, 441, 442, 443, 444, 445, 452, 453, 454, 455, 456, 457, 461, 462, 463, 464, 465, 466, 467, 468, 469, 470, 471, 475, 476, 480, 484, 485, 486, 487, 488, 489, 490, 491, 493, 494, 497, 499, 505, 506, 509, 510, 511, 518, 519, 520, 521, 522, 523, 524, 525, 526, 527, 529, 530, 531, 532, 533, 538, 542, 543, 544, 545, 547, 548, 549, 550, 551, 552, 553, 554, 555, 556, 558, 559, 560, 564, 565, 567, 568, 569, 570, 571, 572, 573, 579, 580, 581, 582, 583, 584, 585, 586, 587, 588, 589, 590, 591, 592, 593, 594, 595, 596, 597, 598, 599, 600, 601, 602, 603, 604, 605, 606, 607, 608, 609, 610, 611, 612, 613, 614, 615, 616, 617, 619, 620, 621, 622, 623, 624, 629, 630, 631, 632, 634, 637, 639, 640, 642, 643, 644, 645, 646, 647, 648, 649, 650, 651, 652, 653, 654, 656, 657, 658, 660, 663, 664, 665 ]
    }
  }
}
